,RNA_id,Interactor1,Id1,RNA_seq
0,0,mmu-miR-421-3p,MIMAT0004869,UGGCUGUGAAUUGGCUUAAUCUCAGCUGGCAACUGUGAGCAGUUAAUAAAUUAUCUCACAGUGGUCUCUGGGAUUAUACUAAACACAGCAA
1,0,mmu-let-7f-1,MI0000562,AUCAGAGUGAGGUAGUAGAUUGUAUAGUUGUGGGGUAGUGAUUUUACCCUGUUUAGGAGAUAACUAUACAAUCUAUUGCCUUCCCUGAG
2,1,mmu-mir-669p-1,MI0014064,GUGCAUGUGUGUAUAGUUGUGUGUGCAUGUUCAUGUCUAUAUUUGAAUAUACAUAACAUACACACACACACGUAUAAACGCAAGCAC
3,2,mmu-miR-674-5p,MIMAT0003740,GAGAUGCUUUAACCUUGGGGGGACCUAGUAAUUGUGCGGUGUUGUGAGUGUUAGAAACACCACACGAUCCACUAGGUCUCACCUGGGCUCCUUGCCUC
4,3,mmu-miR-1983,MIMAT0009455,UCGAAUCGAAGAACUGAGAUCGAUUGGUGCAUAGAUAUCAGGAAAACCCACUCAAUUCAACUCUAGCACCAUUCGAAAUCAGUGCUUUUGAUAAGAAA
5,4,mmu-miR-335-5p,MIMAT0000766,UCUUUUGGGCGGGGGUCAAGAGCAAUAACGAAAAAUGUUUGUUUUUCGUAAACCGUUUUUCAUUAUUGCUCCUGACCCCCUCUCAUGGGUUAUAGCCA
6,5,mmu-mir-290a,MI0000388,CUCAUCUUGCGGUACUCAAACUAUGGGGGCACUUUUUUUUUUCUUUAAAAAGUGCCGCCUAGUUUUAAGCCCCGCCGGUUGAG
7,6,mmu-miR-671-5p,MIMAT0003731,CAGCUGUUGUUUGUACUGGACCCUGAAUUGGAAACAGUAACUUGGAUUCUGUAACACUUCAUGGGUCCCGUAGUGACAACUAUGCUG
8,7,mmu-miR-300-3p,MIMAT0000378,CCAUUAACAGAAACCCGUAAAUCCGAACUUGUGCUGUUUUAUAUCUGUUACAAGACCGGCAUUAUGGGAGUCUGUCAAUGCAAACAACUGGUUUUUGGCA
9,8,mmu-miR-25-3p,MIMAT0000652,UCAGAGCACAUACUUCUUUAUGUACCCAUAUGAACAUUCAGUGCUAUGGAAUGUAAAGAAGUAUGUAUUUUG
10,9,mmu-miR-154-5p,MIMAT0000164,CAGCUGGUGUUGUGAAUCAGGCCGACGAGCAGCGCAUCCUCUUACCCGGCUAUUUCACGACACCAGGGUUG
11,10,mmu-mir-30c-2,MI0000548,ACCAUGUUGUAGUGUGUGUAAACAUCCUACACUCUCAGCUGUGAGCUCAAGGUGGCUGGGAGAGGGUUGUUUACUCCUUCUGCCAUGGA
12,11,mmu-miR-493-3p,MIMAT0004888,GGCUGAGGUAGUUGUUUGUACAGUUUAAGGGUCUGUGACACCACCCUCUGUUGGAGAUAACUGUACAGGCCACUGCCUUGCCUA
13,12,mmu-miR-30a-5p,MIMAT0000128,AAGGACAUCUGUUCACAUCUUACCGGGCAGCAUUAGAUCCUUUUUAUAACUCUAAUACUGUCAGGUAAAGAUGUCGUCCGUGUCCUU
14,13,mmu-miR-361-5p,MIMAT0000704,GCCUCGCCGCCCUCCGCCUUCUCUUCCCGGUUCUUCCCGGAGUCGGGAAAAGCUGGGUUGAGAGGGCGAAAAAGGAUGUGGG
15,14,mmu-let-7d,MI0000405,AAUGGGUUCCUAGGAAGAGGUAGUAGGUUGCAUAGUUUUAGGGCAGAGAUUUUGCCCACAAGGAGUUAACUAUACGACCUGCUGCCUUUCUUAGGGCCUUAUU
16,15,mmu-mir-125b-2,MI0000152,GCCUAGUCCCUGAGACCCUAACUUGUGAGGUAUUUUAGUAACAUCACAAGUCAGGUUCUUGGGACCUAGGC
17,16,mmu-mir-3082,MI0014045,GGACAGAGUGUGUGUGUCUGUGUGGAGACAGGAGUUGCCCACACAUGGCACUCAACUCUGCAGG
18,17,mmu-mir-3064,MI0014026,GGUCUGGCUGUUGUGGUGUGCAAAACUCCGUACAUUGCUAUUUUGCCACACUGCAACACCUUACAGA
19,18,mmu-miR-136-5p,MIMAT0000148,AGGCUGCCCUGGCUCAGUUAUCACAGUGCUGAUGCUGUCCAUUCUAAAGGUACAGUACUGUGAUAACUGAAGGAUGGCAGCCA
20,19,mmu-miR-130b-3p,MIMAT0000387,AUUUGACUACGAAACCGGUUUUCGAUUUGGUUUGACUGUUUUUCAUACAAGUGAGAUCAUUUUGAAAGCUGAUUUUGUCAA
21,20,mmu-miR-350-3p,MIMAT0000605,UGUUCGCUUCUGGUACCGGAAGAGAGGUUUUCUGGGUCUCUGUUUCUUUGAUGAGAAUGAAACACACCCAGCUAACCUUUUUUUCAGUAUCAAAUCC
22,21,mmu-miR-495-3p,MIMAT0003456,UUGCCCAUUUUGGCACUAGCACAUUUUUGCUUCUGUAUAUAUACUUUGAGCAAUUAUGUGUAGUGCCAAUAUAGGAGA
23,22,mmu-miR-185-5p,MIMAT0000214,AUGAGAGAGUCCCUUUGAUAUUGGCCUGGUUCACUCAGAUCUUACCUGACCACACACGUAGAUAUACAUUAUUCUCUCUAGAUUAUCUGAUUGAGCCGCGCCAAUAUCUCAGUACUCUCUCGU
24,23,mmu-miR-551b-3p,MIMAT0003890,GUGCUCUUGUGGCCCAUGAAAUCAAGCUUGGGUGAGACCUGGUGCAGAACAGGAAGGCGACCCAUACUUGGUUUCAGUGGCUGCAAGAAUGACUGCAU
25,24,mmu-miR-23b-3p,MIMAT0000125,UAACCCAAGGGAACUUCUGCUGCUGAUAUAUUAUUGAAAAACUACUAUAUCACAGUGGCUGUUCUUUUUGGUUG
26,25,mmu-mir-3471-1,MI0014699,AAAGGAGCUUCAGUUGAGCCUCCAUGAGAUCCAACUGUAAGGCAUUUCCUCAAUUAGUGCUGUUAUGCUGCUAGUGUAUGCUCUGUCCAGUUUCUUUUUGGAGGUAUUUAGAGCUAUGAGUUUUCCUUUUA
27,26,mmu-mir-7a-1,MI0000728,UUGGAUGUUGGCCUAGUUCUGUGUGGAAGACUAGUGAUUUUGUUGUUUUUAGAUAACUAAAACGACAACAAAUCACAGUCUGCCAUAUGGCACAGGCCACCUCUACAG
28,27,mmu-miR-1306-3p,MIMAT0009411,GACAUGUGCAAAUGUUUGUAUGGCUGAUUCCCUGAGACCCUAACUUGUGACUUUUAAUACCAGUUUCACAAGUUUUGAUCUCCGGUAUUGGACGCAAACUUGCUGAUGUU
29,28,mmu-miR-22-3p,MIMAT0000531,GACUCUAGCAAAGAUCAAACGGUAUUCCUGAGUGAAUAAUAAAAAUGAGUCCAUUCUAUUAUUGCUCGAGAAUACCCUUUGACAAGCUGAAAAGUG
30,29,mmu-let-7g,MI0000137,CCAGGCUGAGGUAGUAGUUUGUACAGUUUGAGGGUCUAUGAUACCACCCGGUACAGGAGAUAACUGUACAGGCCACUGCCUUGCCAGG
31,30,mmu-miR-3971,MIMAT0019356,AUCUGGGCUUGGCAGGUGGAAUGGGAGGUGGCAGGGAGAAGGCAGUUUUCCCUCCCCACCCCUGUACCAGUGAAGCGGAAAGG
32,31,mmu-mir-29b-2,MI0000712,AGGAAGCUGGUUUCAUAUGGUGGUUUAGAUUUAAAUAGUGAUUGUCUAGCACCAUUUGAAAUCAGUGUUCU
33,32,mmu-mir-199a-1,MI0000241,GCCAUCCCAGUGUUCAGACUACCUGUUCAGGAGGCUGGGACAUGUACAGUAGUCUGCACAUUGGUUAGGC
34,33,mmu-miR-140-5p,MIMAT0000151,CUGGGUCCCUGAGACCCUUUAACCUGUGAGGACGUCCAGGGUCACAGGUGAGGUUCUUGGGAGCCUGG
35,34,mmu-miR-375-3p,MIMAT0000739,ACUGUCCUUUUUCGGUUAUCAUGGUACCGAUGCUGUAUAUCUGAAAGGUACAGUACUGUGAUAACUGAAGAAUGGUGGU
36,35,mmu-let-7f-5p,MIMAT0000525,UUUCCAGUCGUCAUAUGGCGUCCACCUGAGUGACUUUAGUGGACAUGUAUAGUUUCCAACUAAGGCACGCGGUGAAUGCCACGUGGCAAUUCUGGGAU
37,36,mmu-miR-709,MIMAT0003499,CAGCGUGGAGCUUUCUUCGGUCCAAUAGUGGCUGAGUCGAAGGUUGUGCUGCUGCCGACUCAAACUUCCGGCUUCCCUAUCCAACCCCUGGUAUGGAAUCCGAAUGUCUGAUACGGGAGCUGUUCAAUCUCCGGCUUAGCAUCUCUUGGACUGAAGGGAGCUCCCCGCUG
38,37,mmu-miR-31-5p,MIMAT0000538,CCCAAAUGACAUCUCGUUAAGUAGUGGUGCCGCUCUUAUUAGAAUUAUCAAGUAAUAAGAGUUGUUCGCUACUUAACGAGAGGAAAUUUGGA
39,38,mmu-miR-345-5p,MIMAT0000595,AACUGACUAUGCCUCCUCGCAUCCCCUAGGGCAUUGGUGUAAAGCUGGAGACCCACUGCCCCAGGUGCUGCUGGGGGUUGUAGUCUGAC
40,39,mmu-miR-212-3p,MIMAT0000659,GGCUGACAGAAGAGAGUGAGCACACAGCGGGCAGACUGCAUCUGAAUUACCUGUUGCGACGAAGAAGACGACGGACGCAGCUUGCCGUUGCGUGCUCACUUCUCUCUCUGUCAGCU
41,40,mmu-miR-125b-5p,MIMAT0000136,UGUGGGAGCGAGACGGGGACUCACUGUGCUUAUUAAAUAGUCAGUCUUUUUCUCUCUCCUAUA
42,41,mmu-mir-222,MI0000710,CCCUCAGUGGCUCAGUAGCCAGUGUAGAUCCUGUCUUUGGUAAUCAGCAGCUACAUCUGGCUACUGGGUCUCUGGUGGC
43,42,mmu-miR-381-3p,MIMAT0000746,GGCACCCACCCGUAGAACCGACCUUGCGGGGCCUUCGCCGCACACAAGCUCGUGUCUGUGGGUCCGUGUC
44,43,mmu-mir-467b,MI0004671,CCGUGUGCGUAAGUGCCUGCAUGUAUAUGCGUGUAUAUUUUAUGCAUAUACAUACACACACCAACACACACAU
45,44,mmu-miR-30d-5p,MIMAT0000515,GAGCUGUGAAUUUGGAUAGCUGUGCUCUGAGGAAAUAACAAUAGUCACACCCCAUGUCAUUUCAUCAGGCCAUAGCUGUCCAAAUUUCUCGGUUCG
46,45,mmu-mir-669a-11,MI0014075,UGUAUGUGCAUGUGUGUAUAGUUGUGUGUGCAUGUUCAUGUCUAUAUUUGAAUAUACAUAACAUACACACACACGUAUAAACGCAAGCACACAUACA
47,46,mmu-miR-1929-5p,MIMAT0009392,AUCUAAGCCUCAUCAAGUGGUUGUGAUAUGGAUACCCAACGCAUAUCACAGCCAGCUUUGAUGAGCUAGGAU
48,47,mmu-miR-101b-3p,MIMAT0000616,CAGGCACUCUUAGCAUUUGAGGUGAAGUUCUGUUAUACACUCAGGCUGUGGCUCUGAAAGUCAGUGCAUCACAGAACUUUGUCUCGAAAGCUUUCUA
49,48,mmu-miR-26b-5p,MIMAT0000534,ACCCAAAUUUCUCGAUUUCUUUGGUUGUACAAAGUGGUAUGGCUCUCUUGCUCAUACCGCUUUACAGCUAAAGGAAUCGAUUGAUUUUGGA
50,49,mmu-miR-451a,MIMAT0001632,UCAGGACUACGCGUCGGCCGGCUCAAGAGCAAAAUUGUGUUUCAUACUAAUAUUGCACUUGUCCCGGCCUAUGUGUGGUAAGGCCUGAA
51,50,mmu-miR-96-5p,MIMAT0000541,UGAAGCGGCAAGAAUUAGAAGCAGUUUUGGUGUCAGACACACUCACUGACUCACUGCUUCUUGUUUUUCUUCUUCUUCU
52,51,mmu-mir-1264,MI0004130,CCUGGCAUAUAGCAGGUCCUCAAUAAGUAUUUGUUGAAAAAAUAAAUGAAGCAACAAAUCUUAUUUGAGCACCUGUUAUGUGGAGG
53,52,mmu-mir-764,MI0004310,UCAACACAAUCUGAAUCUUGGAGGCAGGUGCUCACAUGUCCUCCUCCAUGCUUAUAAAUACAUGGAGGAGGCCAUAGUGGCAACUGUCACCAUGAUUGAUUUCGUUGG
54,53,mmu-miR-1950,MIMAT0009417,UACGGUUGAGUAUUACAUCAGGUACUGGUGUGCCUGAAAUCCAACAACCAGUACUUGUGUCAUACUACGCCGUG
55,54,mmu-miR-30b-5p,MIMAT0000130,CCACGUCUACCCUGUAGAUCCGAAUUUGUUUUAUACUAGCUUUAAGGACAAAUUCGGUUCUAGAGAGGUUUGUGUGG
56,55,mmu-miR-298-5p,MIMAT0000376,AAAGGUGCUUAUUGCAGCUGCUGGCCACUGCACAAGAUUAGACUUAAGACUCUUGUGCGUGUGACAGCGGCUAUUGUAAGAGGCCAUAGAAGCAACAGCC
57,56,mmu-miR-30e-5p,MIMAT0000248,CUCUUGUCCUUCAUUCCACCGGAGUCUGUCUUAUGCCAACCAGAUUUCAGUGGAGUGAAGCUCAGGAG
58,57,mmu-mir-324,MI0000595,AACUGACUAUGCCUCCUCGCAUCCCCUAGGGCAUUGGUGUAAAGCUGGAGACCCACUGCCCCAGGUGCUGCUGGGGGUUGUAGUCUGAC
59,58,mmu-let-7i-5p,MIMAT0000122,UUGCAAUUAGUUUCUUUGGUCGUCCAGCCUUAGGUGAUUUUUCCGGUCAUAAAGCUAGACAACCAUUGAAGUUCGUUGUGG
60,59,mmu-miR-326-3p,MIMAT0000559,UGUGUGCAUCCGGGUUGAGGUAGUAGGUUGUAUGGUUUAGAGUUACACCCUGGGAGUUAACUGUACAACCUUCUAGCUUUCCUUGGAGCACACU
61,60,mmu-mir-138-1,MI0000722,CAGCUGGUGUUGUGAAUCAGGCCGACGAGCAGCGCAUCCUCUUACCCGGCUAUUUCACGACACCAGGGUUG
62,61,mmu-miR-130a-3p,MIMAT0000141,GGCUGCUUGGGUUCCUGGCAUGCUGAUUUGUGACUUGAGAUUAAAAUCACAUUGCCAGGGAUUACCACGCAACC
63,62,mmu-mir-103-2,MI0000588,UUCUUACUGCCCUCGGCUUCUUUACAGUGCUGCCUUGUUGCAUAUGGAUCAAGCAGCAUUGUACAGGGCUAUGAAGGCAUUGAGAC
64,63,mmu-mir-199a-2,MI0000713,GCCAUCCCAGUGUUCAGACUACCUGUUCAGGAGGCUGGGACAUGUACAGUAGUCUGCACAUUGGUUAGGC
65,64,mmu-miR-293-3p,MIMAT0000371,AAUUGGCUAUGCGCUUUGGCAGUGUGGUUAGCUGGUUGUGUAGCCAAUUAUUGCCGUUGACAAUUCACAGCCACUAUCUUCACUGCCGCCGCGACAAGC
66,65,mmu-miR-338-3p,MIMAT0000582,CAACGCUGCACAGGCCGUCCUCCCCAACAAUAUCCUGGUGCUGAGUGGGUGCACAGUGACUCCAGCAUCAGUGAUUUUGUUGAAGAGGGCAGCUGCCA
67,66,mmu-miR-760-3p,MIMAT0003898,CGGGAGGAUGCCUCGGUGCGGGGCGCGUCGCCCCCCUCAGGCCACCAGAGCCCGGAUACCUCAGAAAUUCGGCUCUGGGUCUGUGGGGAGCGAAAUGCAACCCAAACCCCGUUUCCCCG
68,67,mmu-miR-667-3p,MIMAT0003734,CUGGUGACCUAACACCCGCCCAUCACCACCGGACAGAUUCUGAACUUGUCCUGUGGUGUUUGGUGUGGUUUUGGGGUACGCAG
69,68,mmu-miR-101a-3p,MIMAT0000133,UACGUAACUCCUCAAAGGGUUGUGAAAUGUCGACUAUUAUCUACUCAUAUCACAGCCAUUUUGAUGAGUUUCGUG
70,69,mmu-miR-320-3p,MIMAT0000666,GGGGAUAUGCCUGGCUCCCUGUAUGCCACUCGCGUAGCUGCCAAACUCAGUUGAAACAACUGCCUUCUCCCGGCGAGAUUCAGGCAUUGUGUUCGUACGUUUGGCUCUACUGCGGAUGGCGUGCGAGGAGCCAAGCAUGACC
71,70,mmu-miR-448-3p,MIMAT0001533,GUUAGGUUUGGUGUCCCUAGGAGUUCUCUGCAAGCACUUCACGAGGCAUCGUUUUGAGAGCUUUUGUGAAGUGUUUGGGGGAACUCUUAGUGUCACAAAUCAUUU
72,71,mmu-mir-145a,MI0000169,CUCACGGUCCAGUUUUCCCAGGAAUCCCUUGGAUGCUAAGAUGGGGAUUCCUGGAAAUACUGUUCUUGAG
73,72,mmu-mir-1906-2,MI0015984,GGACAUUAGGAGCAACCUCCUAGGGUUGUUGUGAGAAUUAAAUGAACUGCAGCAGCCUGAGGCAGGGCUGGGCAGAGACC
74,73,mmu-mir-374b,MI0004125,GAAGAAAUCCUACUCGGGUGGAUAUAAUACAACCUGCUAAGUGUUCUAGCACUUAGCAGGUUGUAUUAUCAUUGUCCGAGGUUAUGGCUCUCGUC
75,74,mmu-miR-323-3p,MIMAT0000551,CGUGCACAGGGCUCUGACCUAUGAAUUGACAGCCAGUACUCUUUUCUCUCCUCUGGCUGCCAAUUCCAUAGGUCACAGGUAUGUUCACC
76,75,mmu-miR-362-5p,MIMAT0000706,GGCUGCGGCUGGAUUCAAGUAAUCCAGGAUAGGCUGUGUCCGUCCAUGAGGCCUGUUCUUGAUUACUUGUUUCUGGAGGCAGCG
77,76,mmu-let-7c-1,MI0000559,UGUGUGCAUCCGGGUUGAGGUAGUAGGUUGUAUGGUUUAGAGUUACACCCUGGGAGUUAACUGUACAACCUUCUAGCUUUCCUUGGAGCACACU
78,77,mmu-miR-200c-3p,MIMAT0000657,GGCGCGAGGUGACAGAAGAGAGUGAGCACACGGCCGGGCGUGACGGCACCGGCGGGCGUGCCGUCGCGGCCGCGUGCUCACUGCUCUUUCUGUCAUCCGGUGCC
79,78,mmu-miR-5103,MIMAT0020610,CUUCUGGUGGUCUUUGGGGACCCUAGGAUCUGGGCAUAACAUUUGGGGGCUCAUCCGGGAUCCCCUGAGGCCCCCAGGA
80,79,mmu-miR-331-3p,MIMAT0000571,CGGACGGCUGGGGUUCCUGGGGAUGGGAUUUGAUGCCAGUCACAAAUCACAUUGCCAGGGAUUUCCAACUGACCC
81,80,mmu-miR-383-5p,MIMAT0000748,GGCCUGCCCGACACUCUUUCCCUGUUGCACUACUAUAGGCCGCUGGGAAGCAGUGCAAUGAUGAAAGGGCAUCGGUCAGGUC
82,81,mmu-mir-770,MI0004203,GCCACCUUCUGUGCCCCCAGCACCACGUGUCUGGGCCACGUGAGCAACGCCACGUGGGCCUGACGUGGAGCUGGGGCCGCAGGGGUCUGAUGGC
83,82,mmu-mir-126a,MI0000153,UGACAGCACAUUAUUACUUUUGGUACGCGCUGUGACACUUCAAACUCGUACCGUGAGUAAUAAUGCGCGGUCA
84,83,mmu-miR-217-5p,MIMAT0000679,CGCCGGCGGCCUGACAUUGGGAUCGGAGGCCAUGGUGCAGCCAAGGAUGACUUGCCGAUCGAUCGAUCUAUCUAUGAAGCUAAGCUAGCUGGCCAUGGAUCCAUCCAUCAAUUGGCAAGUUGUUCUUGGCUACAUCUUGGCCCCUGCUCCUCAUGUAAGGCCGGCCUGUGGCG
85,84,mmu-mir-125b-1,MI0000725,GCCUAGUCCCUGAGACCCUAACUUGUGAGGUAUUUUAGUAACAUCACAAGUCAGGUUCUUGGGACCUAGGC
86,85,mmu-mir-344-1,MI0000630,CUGCAGCCAGGGUUUUUACCAGUCAGGCUCCUGGCUAGAUUCCAGGUACCAGCUGGUACCUGAUCUAGCCAAAGCCUGACUGUAAGCCCUGAACA
87,86,mmu-mir-1906-1,MI0008321,GGACAUUAGGAGCAACCUCCUAGGGUUGUUGUGAGAAUUAAAUGAACUGCAGCAGCCUGAGGCAGGGCUGGGCAGAGACC
88,87,mmu-miR-193a-3p,MIMAT0000223,CCAUGGAACAUUCAACGCUGUCGGUGAGUUUGGGAUUCAAAAACAAAAAAACCACCGACCGUUGACUGUACCUUGG
89,88,mmu-mir-291b,MI0003539,ACAUACAGUGUCGAUCAAAGUGGAGGCCCUCUCCGCGGCUUGGCGGGAAAGUGCAUCCAUUUUGUUUGUCUCUGUGUGU
90,89,mmu-miR-686,MIMAT0003464,GCCGACCUACAGCAGUUCUUCACUGGCAAGCUUUAUGUCCUCGUGCAACCGCUAAAGCUGCCAGCUGAAGAACUGUUGUGGUCGGC
91,90,mmu-mir-873a,MI0005550,GUGUGCAUUUGCAGGAACUUGUGAGUCUCCUAUUGAAAAUAGACAGGAGACUGACAAGUUCCCGGGAACACCCACAA
92,91,mmu-mir-181a-1,MI0000697,CCAUGGAACAUUCAACGCUGUCGGUGAGUUUGGGAUUCAAAAACAAAAAAACCACCGACCGUUGACUGUACCUUGG
93,92,mmu-miR-1902,MIMAT0007863,AGAGCAUCGUGCUUGACCUUCCACGCUCCCGUGUCCACUAGCAGGCAGGUUUUCUGACACGGGCUGCGGGAUUCAGGACAGCGCAUCACGGAGA
94,93,mmu-mir-344-2,MI0005495,CUGCAGCCAGGGUUUUUACCAGUCAGGCUCCUGGCUAGAUUCCAGGUACCAGCUGGUACCUGAUCUAGCCAAAGCCUGACUGUAAGCCCUGAACA
95,94,mmu-mir-21a,MI0000569,UGUACCACCUUGUCGGAUAGCUUAUCAGACUGAUGUUGACUGUUGAAUCUCAUGGCAACAGCAGUCGAUGGGCUGUCUGACAUUUUGGUAUC
96,95,mmu-miR-3078-5p,MIMAT0014864,ACUGGCAGACUGCCCCAAAGCCUAGACUGCAGCUACCUUGUAUUGUGCUUGGGGUUGCUGGGGUAGUCUUUAGGGGAAGCUGUUUGU
97,96,mmu-mir-26a-2,MI0000706,AAGGCCGUGGCCUCGUUCAAGUAAUCCAGGAUAGGCUGUGCAGGUCCCAAGGGGCCUAUUCUUGGUUACUUGCACGGGGACGCGGGCCUG
98,97,mmu-miR-222-3p,MIMAT0000670,UGAAGCUAUUUGCUUCUGAGUGGAAUGUUGUCUGGUUCAAGGUCUCAUGCACCUUGCGGUUUUGAGGAUGAUUUGUGCAAGGUUUUUCAUUCCUCUCAUCCGUGGGAUCUCGGACCAGGCUUCAUUCCCCUCAGAGAUAGCUUCA
99,98,mmu-miR-135b-5p,MIMAT0000612,UCUUUUGGGCGGGGGUCAAGAGCAAUAACGAAAAAUGUUUGUUUUUCGUAAACCGUUUUUCAUUAUUGCUCCUGACCUCCUCUCAUUUGUUAUAGCCA
100,99,mmu-miR-410-3p,MIMAT0001091,GCUAGGGAGCCGACAGAAGAGAGUGAGCAUAUAUAGUUCUUUCCUUGCAUAUGUGGUCAUAUGUGUGUUGACUGAAGAGAUACAUAUAUAUAGAGAGAGAGAGUUCAUGUGCUUGAAGCUAUAUGUGCUCACUUCUCUUUCUGUCAGCAAAUUAUC
101,100,mmu-miR-879-5p,MIMAT0004842,CAGUGCAGCCACCCAUAAAGUAGAAAGCACUACUAGACAGGACUGAACGCUGUAGUGUUUCCUACUUUAUGGAUGAGUGUACUGGG
102,101,mmu-miR-329-3p,MIMAT0000567,UGCGUGCUUUUUGUUCUAAGGUGCAUCUAGUGCAGAUAGUGAAGUAGACUAGCAUCUACUGCCCUAAGUGCUCCUUCUGGCAUAAGAAGUUAUGUC
103,102,mmu-miR-346-5p,MIMAT0000597,AUAUAGUGCUUGGUUCCUAGUAGGUGCUCAGUAAGUGUUUGUGACAUAAUUCGUUUAUUGAGCACCUCCUAUCAAUCAAGCACUGUGCUAGGCUCUGG
104,103,mmu-mir-124-3,MI0000150,CUCUGCGUGUUCACAGCGGACCUUGAUUUAAUGUCUAUACAAUUAAGGCACGCGGUGAAUGCCAAGAG
105,104,mmu-miR-3475-3p,MIMAT0015219,CAAAUCAUGUACCCCCACAGAGGGUCCAGAUGGUUCUUAGUUCUUCUGGAGGCACAUGGUUUGAA
106,105,mmu-miR-301a-3p,MIMAT0000379,UAAAACGUCACCUGAUGUAGGCCGUGCCCAGUGCUUAUUUGUUGCAUUUUCGAAAUACAAAUUGCACUAGUCCCGGCCUGCAAUGAGUGUCGCAGUCGAC
107,106,mmu-miR-149-5p,MIMAT0000159,GCUAAAGCUGGUAAAAUGGAACCAAAUCGCCUCUUCAAUGGAUUUGGUCCCCUUCAACCAGCUGUAGC
108,107,mmu-miR-148b-3p,MIMAT0000580,UGCCCAUUCAUCCACAGGUGGGGAUUGGUGGCAUUACUUGUGUUAGAUAUAAAGUAUUGCACUUGUCCCGGCCUGAGGAAGAAAGAGGGUU
109,108,mmu-miR-10a-5p,MIMAT0000648,AUCUGAGACUGAACUGUCCUUUUUCGGUUAUCAUGGUACCGAUGCUGUAGAUCUGAAAGGUACAGUACUGUGAUAGCUGAAGAAUGGUGGUGCCAUC
110,109,mmu-mir-344d-2,MI0004619,AGAUUUCAUCAGUCAGGCUAGUGGUUAUACUCCAGGACUUAUCUGGUCCUGGAUAUAACCACUGCCAGACUGAAUGGUGC
111,110,mmu-miR-5124a,MIMAT0020634,UAGAAAGGUGGGUCCAGUGACUAAGAGCAUUUGAGCACUUGUUCUUGCAGAGGACCCAAGUUCAAUUUCUAG
112,111,mmu-miR-337-3p,MIMAT0000578,UGGCCUGAGGAGCAGGGCUUAGCUGCUUGUGAGCAAGGUCCACAGCAAAGUCGUGUUCACAGUGGCUAAGUUCCGCCCCCUGGACCC
113,112,mmu-miR-370-3p,MIMAT0001095,UGAUGUGAGGAGGAGCUCCUUUCGAUCCAAUUCAGGAGAGGAAGUGGUGGGAUGCAGCUGCCGGUUCAUGGAUACCUCUGCAGUUCAUGCCGGUAGGCCUGCACUUGCAUGGGUUUGCAUGACCUGGGAGAUGAACCUGCCAUUGUGUUCCUCUAUUGAUUGGAUUGAAGGGAGCUCCGGCUACACCUA
114,113,mmu-mir-344d-3,MI0004227,AGAUUUCAUCAGUCAGGCUAGUGGUUAUACUCCAGGACUUAUCUGGUCCUGGAUAUAACCACUGCCAGACUGAAUGGUGC
115,114,mmu-mir-181b-2,MI0000823,AGGUCACAAUCAACAUUCAUUGCUGUCGGUGGGUUGAACUGUGUAGAAAAGCUCACUGAACAAUGAAUGCAACUGUGGCC
116,115,mmu-miR-5122,MIMAT0020630,GUCCGCUACCGCGGGACCCGGGGCUGUGUCAGGUCUGGAAGUGGAGCUGGAGCUGACCGAAGGAGCUGCCGCUGGGCCGGGGUGGAACA
117,116,mmu-miR-384-3p,MIMAT0001076,UGUUAAAUCAGGAAUUGUAAACAAUUCCUAGGCAAUGUGUAUAAUGUUGGUAAGUCAUUCCUAGAAAUUGUUCACAAUGCCUGUAACA
118,117,mmu-mir-3061,MI0014023,GUGUACUGUGGGGCAGUGGGCCGUGAAAGGUAGCCUGGUGGUCCCCUUUGAGCUAAGGCUACCUUUGAUAGUCCACUGCCCCACGGUGCAU
119,118,mmu-mir-669a-6,MI0014058,UGUAUGUGCAUGUGUGUAUAGUUGUGUGUGCAUGUUCAUGUCUAUAUUUGAAUAUACAUAACAUACACACACACGUAUAAACGCAAGCACACAUACA
120,119,mmu-mir-124-1,MI0000716,CUCUGCGUGUUCACAGCGGACCUUGAUUUAAUGUCUAUACAAUUAAGGCACGCGGUGAAUGCCAAGAG
121,120,mmu-miR-412-3p,MIMAT0001094,GAGGAGGAAGAGGAGCUCCUUUCGAUCCAAUUCAGGAGAGGAAGUGGUAGGAUGCAGCUGCCGAUUCAUGGAUACCUCUGGAGUGCAUGGCAGCAAUGCUGUAGGCCUGCACUUGCAUGGGUUUGCAUGACCCGGGAGAUGAACCCACCAUUGUCUUCCUCUAUUGAUUGGAUUGAAGGGAGCUCCACAUCUCUCUC
122,121,mmu-mir-92a-1,MI0000719,UGCCCAUUCAUCCACAGGUGGGGAUUGGUGGCAUUACUUGUGUUAGAUAUAAAGUAUUGCACUUGUCCCGGCCUGAGGAAGAAAGAGGGUU
123,122,mmu-mir-369,MI0003535,GGUACUUGAAGGGAGAUCGACCGUGUUAUAUUCGCUUGGCUGACUUCGAAUAAUACAUGGUUGAUCUUUUCUCAGUAUC
124,123,mmu-miR-1942,MIMAT0009407,UUGCAAUUAGUUUCUUUGGUCGUCCAGCCUUAGGUGACUUUUCCGAUCAUAAAGCUAGACAACCAUUGAAGUUCGUUGUGG
125,124,mmu-miR-181c-5p,MIMAT0000674,UGUUUCUGGGUGGAAUGUUGUCUGGUUCAAGGCCCCUUAGGAUGUGUGAUUUUUGAUGGUUUAUGCAUUCAUCUUGAUGCGAACAUCUAUCUCGGAUCUUUGGGUUCUCGAACCAGGCUUCAUUCCCCUCAGAGAUA
126,125,mmu-miR-546,MIMAT0003166,UCCCAUGCUGUGACCCUCUAGAGGAAGCACUUUCUGUUUGUUGUCUGAGAAAAAACAAAGUGCUUCCCUUUAGAGUGUUACCGUUUGGGA
127,126,mmu-miR-1193-3p,MIMAT0005851,UAUCACUGCAGUUUCAGGCUUUUCCCAACUACACCUAUUAAUACAUAUUUUAACGUCCUAUUAAAGUUGUAGUUUGGAAAGUUUUGGUUUUGCAUU
128,127,mmu-miR-124-3p,MIMAT0000134,CCAUGUCGUUAAAAUGUUUGUGAACUUAUGUAUUCACAAUCAUAUCACAGCCAUUUUGACGAGUUUGG
129,128,mmu-miR-500-3p,MIMAT0003507,UGAUUCCACCCCUUGGAUGUCACUGCUUGGCACAAUCCUCUUAUUGUGAAUUUCAUGUCCUCUUUCGUGGUUAGUCGAUAGAGUUGUACUACCUUUAUUCAUCCAGUGUUAUAAAUGUUUGUCCAGUGCUAGCUCUUCACUUGGGGAUUGCACAACAGGGGGUUCGUGCCAAGCUGUGUGCAACCUAAGGGUGGUUUUA
130,129,mmu-mir-30c-1,MI0000547,ACCAUGUUGUAGUGUGUGUAAACAUCCUACACUCUCAGCUGUGAGCUCAAGGUGGCUGGGAGAGGGUUGUUUACUCCUUCUGCCAUGGA
131,130,mmu-mir-221,MI0000709,AUCCAGGUCUGGGGCAUGAACCUGGCAUACAAUGUAGAUUUCUGUGUUUGUUAGGCAACAGCUACAUUGUCUGCUGGGUUUCAGGCUACCUGGAA
132,131,mmu-miR-505-3p,MIMAT0003513,UCCCUGGCGUGAGGGUAUGUGCCUUUGGACUACAUCGUGGAAGCCAGCACCAUGCAGUCCAUGGGCAUAUACACUUGCCUCAAGGCCUAUGUCAUC
133,132,mmu-miR-27b-3p,MIMAT0000126,CAAAAAGAAGGGAACGGUUGCUGAUGAUGUAGUUUGAAACUCUCACAAUUUAUAUCACAGUGGCUGUUCUUUUUUGUUUG
134,133,mmu-miR-21a-5p,MIMAT0000530,AAGCAUUUUUCUGUCCCGCGCAUCCCUUUGUUCCAAUAUUCAAACCAGUAGAAAGAUUAUUGAGCAAUGCGCAUGUGCGGGACAGAUUGAAUAGCUG
135,134,mmu-miR-342-3p,MIMAT0000590,CCUCGUUGACUCCGAAGGGCUGCAGCAGCAAUUCAUGUUUUGGAGUAUUGCCAAGGUUCAAAACAUGAAGCGCUGCAACACCCCUUCGUGGGGAA
136,135,mmu-mir-434,MI0001526,UCGACUCUGGGUUUGAACCAAAGCUCGACUCAUGGUUUGAACCAUUACUUAAUUCGUGGUUUGAACCAUCACUCGACUCCUGGUUCGAACCAUC
137,136,mmu-miR-93-5p,MIMAT0000540,AGUCAUCGAAACGAGUAAAUCUCAUCCUAAUCUGGUUGCAUUUUCAAUACUUUUUGCUACCGAUUUGGUUUGGGAUUGGCUUGUCUAGUAUUGAC
138,137,mmu-let-7f-2,MI0000563,AUCAGAGUGAGGUAGUAGAUUGUAUAGUUGUGGGGUAGUGAUUUUACCCUGUUUAGGAGAUAACUAUACAAUCUAUUGCCUUCCCUGAG
139,138,mmu-miR-532-5p,MIMAT0002889,CAGAUUUGCUUUUUCUCUUCCAUGCCUUGAGUGUAGGACCGUUGACAUCUUAAUUACCCUCCCACACCCAAGGCUUGCAGGAGAGCAAGCCUUCUC
140,139,mmu-miR-143-3p,MIMAT0000247,UGGACUUCCCUUUGUCAUCCUAUGCCUGAGAAUAUAUGAAGGAGGCUGGGAAGGCAAAGGGACGUUCA
141,140,mmu-miR-5099,MIMAT0020606,AGAAUUCAGUUAGAAAUUACAUUGAUUUAAGAAGUGGUAAUGGGCUUAGAUCGAUGUGGUGCUCCUGAGUUCUC
142,141,mmu-let-7c-5p,MIMAT0000523,GGUUGUGCCCACCCGGCCGCCUGAUACUUUCGUCUCAACCUCGCUGUCAGAAUGUCGUAGGUGAGCAAAGUUUCAGGUGUGCCGGAACACACCCA
143,142,mmu-miR-295-3p,MIMAT0000373,UCAUUUGGUACGUUUUUCUCCUGGUAUCCACUGUAGGCCUAUAUGUAUUUCCACCAUAAGGCACGCGGUGAAUGCCAAGAGCGAACGCAGUUCUACAAAU
144,143,mmu-mir-344d-1,MI0004524,AGAUUUCAUCAGUCAGGCUAGUGGUUAUACUCCAGGACUUAUCUGGUCCUGGAUAUAACCACUGCCAGACUGAAUGGUGC
145,144,mmu-mir-669a-1,MI0004523,UGUAUGUGCAUGUGUGUAUAGUUGUGUGUGCAUGUUCAUGUCUAUAUUUGAAUAUACAUAACAUACACACACACGUAUAAACGCAAGCACACAUACA
146,145,mmu-miR-127-3p,MIMAT0000139,GCUUGGGACACAUACUUCUUUAUAUGCCCAUAUGAACCUGCUAAGCUAUGGAAUGUAAAGAAGUAUGUAUUUCAGGC
147,146,mmu-mir-142a,MI0000167,ACCCAUAAAGUAGAAAGCACUACUAACAGCACUGGAGGGUGUAGUGUUUCCUACUUUAUGGAUG
148,147,mmu-mir-181b-1,MI0000723,AGGUCACAAUCAACAUUCAUUGCUGUCGGUGGGUUGAACUGUGUAGAAAAGCUCACUGAACAAUGAAUGCAACUGUGGCC
149,148,mmu-miR-148a-3p,MIMAT0000516,AGCCAGUUUGGUCUUUUGAGACAAAGUUCUGAGACACUCCGACUCUGAGUAUGAUAGAAGUCAGUGCACUACAGAACUUUGUCUCUAGAGGCUGUGGUC
150,149,mmu-mir-21,MI0000569,UGUACCACCUUGUCGGAUAGCUUAUCAGACUGAUGUUGACUGUUGAAUCUCAUGGCAACAGCAGUCGAUGGGCUGUCUGACAUUUUGGUAUC
151,150,mmu-let-7g-5p,MIMAT0000121,GAUCCUGGGAUGCAUCUUGUGCAGUUAUGUUUCAAUCUCACAUCACUGGGCAAAGUGUGUCUCAAGAUC
152,151,mmu-miR-340-3p,MIMAT0000586,CUGCACAUGCUGGGGUGAGGUAGUAAGUUGUAUUGUUGUGGGGUAGGGAUUUUAGGCCCCAGUAAGAAGAUAACUAUACAACUUACUACUUUCCUUGGUGUGUGGCAU
153,152,mmu-miR-122-5p,MIMAT0000246,GCCUGGUCCAGUGGUUCUUGACAGUUCAACAGUUCUGUAGCACAAUUGUGAAAUGUUUAGGACCACUAGACCCGGC
154,153,mmu-mir-467a-10,MI0014076,CUGUGUGCGUAAGUGCCUGCAUGUAUAUGCGUGUAUAUUUUAUGCAUAUACAUACACACACCUACACACACAU
155,154,mmu-miR-100-5p,MIMAT0000655,GGAGGAAGAGAGGGGUGAGAGGUGAGGCUGACAGAAGAGAGUGAGCACACAUGGUGACUUUCUUGCAUGCUGAAUGGACUCAUGCUUGAAGCUAUGUGUGCUCACUUCUCUCUCUGUCAGCCAUUUGAUCUCUCUUUCUCUCUUUCUCC
156,155,mmu-mir-26a-1,MI0000573,AAGGCCGUGGCCUCGUUCAAGUAAUCCAGGAUAGGCUGUGCAGGUCCCAAGGGGCCUAUUCUUGGUUACUUGCACGGGGACGCGGGCCUG
157,156,mmu-miR-1224-5p,MIMAT0005460,GUGAGGACUGGGGAGGUGGAGGGUAGCAUCAUUAGAGCCAGAGCUCUGUCUCAGCUCCCUCUCCCCCCACCUCUUCUCUCCUCAG
158,157,mmu-miR-137-3p,MIMAT0000149,CUUCGGUGACGGGUAUUCUUGGGUGGAUAAUACGGAUUACGUUGUUAUUGCUUAAGAAUACGCGUAGUCGAGG
159,158,mmu-let-7a-5p,MIMAT0000521,CCCCGGUGCCCGCUUUUUCAGUAGUUUGAAACCAGAGAUGAUAGUUGGUUACAAAGUAUUUGAAAAGGCGUGCACUGGGU
160,159,mmu-mir-291a,MI0000389,CCUAUGUAGCGGCCAUCAAAGUGGAGGCCCUCUCUUGAGCCUGAAUGAGAAAGUGCUUCCACUUUGUGUGCCACUGCAUGGG
161,160,mmu-miR-34b-5p,MIMAT0000382,AACACAUUUCAUUCGCGCCUGUAUCUUGCUGAACCGCUGCCAUUAUGGCCAACGAUCCGGUUGAGCAAAAUUUCAGGUGUGUGAGAAAUGUGUUUAGCA
162,161,mmu-mir-103-1,MI0000587,UUCUUACUGCCCUCGGCUUCUUUACAGUGCUGCCUUGUUGCAUAUGGAUCAAGCAGCAUUGUACAGGGCUAUGAAGGCAUUGAGAC
163,162,mmu-mir-3091,MI0014084,UGCUUGCGGGCCAUGGGUCUGGUUGGGCCCGCAGACUCGGAGUGCGGGCCUGACCAGUCUCAAGACCUGCGUGGUA
164,163,mmu-miR-541-5p,MIMAT0003170,UCUCAAGCUGUGACUGCAAAGGGAAGCCCUUUCUGUUGUCUGAAAGAAGAGAAAGCGCUUCCCUUUGCUGGAUUACGGUUUGAGA
165,164,mmu-miR-328-3p,MIMAT0000565,AUGUCAGCGGUGCCUUAGCAGCACGUAAAUAUUGGCGUUAAGAUUCUGAAAUUACCUCCAGUAUUGACUGUGCUGCUGAAGUAAGGUUGGCAA
166,165,mmu-mir-9-2,MI0000157,CAUAAACCCGUAGAUCCGAUCUUGUGGUGAAGUGGACCGCGCAAGCUCGUUUCUAUGGGUCUGUG
167,166,mmu-miR-1188-5p,MIMAT0005843,UGGUUGCUGUAGAGUUUUAGAAUUCCUACGCUUUACCGUGGCAUACGAAAUUCGGCAAAGCGUUUGGAUUCUGAAACCCUACCGAUCCAUUA
168,167,mmu-miR-181d-5p,MIMAT0004324,ACAAUUAACAUUCAUUGUUGUCGGUGGGUUGUGAGGAGGCAGCCAGACCCACCGGGGGAUGAAUGUCACUGU
169,168,mmu-miR-1981-5p,MIMAT0009458,GUAAUGGUACGGUGCGACCGGAUGAUGGUUCACAACGACCGUGUCCUUUAAACGGGUCGGUGGGACUUUCGUCCGUUUGUAACGCCAUUUG
170,169,mmu-miR-503-5p,MIMAT0003188,UGCCCUAGCAGCGGGAACAGUUCUGCAGUGAGCGAUCGGUGCUCUGGGGUAUUGUUUCCGCUGCCAGGGUA
171,170,mmu-mir-138-2,MI0000164,CAGCUGGUGUUGUGAAUCAGGCCGACGAGCAGCGCAUCCUCUUACCCGGCUAUUUCACGACACCAGGGUUG
172,171,mmu-miR-3066-5p,MIMAT0014838,GUGUGGUAUGUUUUGGUUGCUGUAGAUUAAGUAGUUUAAUAUGAUGCUGCACUUAAUAGACCGCAACCUGCACUGGCCAUGCU
173,172,mmu-miR-690,MIMAT0003469,CUGGUGAUGCUGUAGCAGCACGGAAUGGUUUGUGGGUUACACUGAGAUACAGGCCAUACUGUGCUGCCGCA
174,173,mmu-let-7d-5p,MIMAT0000383,UUGCUGACUUUGAGUCUUGGCACUGGGAGAAUUCACAGUUGACUUUAUUAUUCUGUGGUUCUGCGGGUGCCAAAACUUAAAAACCGGCUU
175,174,mmu-miR-652-3p,MIMAT0003711,CCUGUGAGCUUCCCUUUGUCAUCCUAUGCCUGAGCGAUGCCUGGAGGCUGGGACGGUGAAGGGAGGCCCACGGG
176,175,mmu-mir-218-1,MI0000700,GUGAUAAUGGAGCGAGAUUUUCUGUUGUGCUUGAUCUAACCAUGUGCUUGCGAGGUAUGAGAAAAACAUGGUUCCGUCAAGCACCAUGGAACGUCACGCAGCUUUCUACA
177,176,mmu-miR-184-3p,MIMAT0000213,CGAGAGAGUCCCUCUGAUAUUGGCCUGGUUCACUCAGAUUCUCUUUUACUAACUCAUCUGAUUGAGCCGUGUCAAUAUCUCAGUCCUCUCUCG
178,177,mmu-mir-19b-1,MI0000718,ACUUACGAUUAGUUUUGCAGAUUUGCAGUUCAGCGUAUAUGUGAAUAUAUGGCUGUGCAAAUCCAUGCAAAACUGAUUGUGGGA
179,178,mmu-mir-124-2,MI0000717,CUCUGCGUGUUCACAGCGGACCUUGAUUUAAUGUCUAUACAAUUAAGGCACGCGGUGAAUGCCAAGAG
180,179,mmu-miR-376b-3p,MIMAT0001092,GUUGUGGACGUUGAGCUCCUUUCGGUCCAAAAAGGGGUGUUGCUGUGGGUCGAUUGAGCUGCUGGGUCAUGGAUCCCGUUAGCCUACUCCAUGUUCAUCAUUCAGCUCGAGAUCUGAAAGAAACUACUCCAAUUUAUACUAAUAGUAUGUGUGUAGAUAGGAAAAUGAUGGAGUACUCGUUGUUGGGAUAGGCUUAUGGCUUGCAUGCCCCAGGAGCUGCAUCAACCCUACAUGGACCCUCUUUGGAUUGAAGGGAGCUCUGCAUCUUUUGU
181,180,mmu-miR-296-5p,MIMAT0000374,UGAAGCUGACUUGCCAUUGCUUUGGCGCUUUAGCUGUAUGAUAGAUUUAAACUACUUCAUAAAGCUAGAUUACCAAAGCAUUGGCUUCUGCAGGUCA
182,181,mmu-miR-484,MIMAT0003127,CAAUAGACACCCAUCGUGUCUUUUGCUCUGCAGUCAGUAAAUAUUUUUUUGUGAAUGUGUAGCAAAAGACAGAAUGGUGGUCCAUUG
183,182,mmu-miR-132-3p,MIMAT0000144,GCGACUGUAAACAUCCUCGACUGGAAGCUGUGAAGCCACAAAUGGGCUUUCAGUCGGAUGUUUGCAGCUGC
184,183,mmu-miR-877-5p,MIMAT0004861,CUCGCUGUUCCUUUUUCCUAUGCAUAUACCUCUUUGAAAAAUAAAUGUAAAGGGGCAUAGGGCAUGGGAAAAUGGCGCAGCUGAGCC
185,184,mmu-mir-1839,MI0009991,GAAAAGGUAGAUAGAACAGGUCUUGUUUGCAAAAUAAAUUCAAGACCUACUUAUCUACCAACAGCCAUUGCCU
186,185,mmu-miR-210-3p,MIMAT0000658,AGUUGACAGAAGAGAGUGAGCACACAGCGGCCAGACUGCAUCGAUCUAUCAAUCUUCCCUUCGACAGGAUAGCUAGAUAGAAAGAAAGAGAGGCCGUCGGCGGCCAUGGAAGAGAGAGAGAGAGAGAGAUGAAAUGAUGAUGAUGAUACAGCUGCCGCUGCGUGCUCACUUCUCUUUCUGUCAGCU
187,186,mmu-miR-18a-5p,MIMAT0000528,AUUCAAGAUUUCGGAUCUCCGUAGUUUUGACCAUUUUAUCCAACCUAAUAAUGUGAUAAAUGCAUCUUAACUGCGGUGAUCUGGAUUUUGUGAAC
188,187,mmu-mir-669p-2,MI0014071,GUGCAUGUGUGUAUAGUUGUGUGUGCAUGUUCAUGUCUAUAUUUGAAUAUACAUAACAUACACACACACACGUAUAAACGCAAGCAC
189,188,mmu-let-7c-2,MI0000560,UGUGUGCAUCCGGGUUGAGGUAGUAGGUUGUAUGGUUUAGAGUUACACCCUGGGAGUUAACUGUACAACCUUCUAGCUUUCCUUGGAGCACACU
190,189,mmu-miR-706,MIMAT0003496,GUGGAGCUCCGUUUCGGUCCAAUAGUGGCUGCGACGGAAGGUGGUCCCGCUGCCGAAUCACACGUCCGGGUUGCUUAUCGGGGCAGGGCCCCGAUACGGUAUCCGAACGUUUGUCCCGGGAACUGGUCGACCUUCCGCCCGGCGUCUCUUGGACUGAAGGGAGCUCCAC
191,190,mmu-miR-99b-5p,MIMAT0000132,UACGGUUGAGUAUUACAUCAGGUACUGGUGUGCCUUAAAUCCAACAACCAGUACUUAUGUCAUACUACGCCGUG
192,191,mmu-miR-221-3p,MIMAT0000669,GUGCACGGUGGAGAAGCAGGGCACGUGCAUUACCAUCCACUCGCCUGCCGGCCGCCGGCCGCCAUUGCCAUGGAUGGUUCUUCAUGUGCCCGUCUUCUCCACCGAGCAC
193,192,mmu-miR-146a-5p,MIMAT0000158,GGGCAACCGUGGCUUUCGAUUGUUACUGUGGGAACCGGAGGUAACAGUCUACAGCCAUGGUCGCCC
194,193,mmu-mir-330,MI0000607,GACCCUUUGGCGAUCUCUGCCUCUCUGGGCCUGUGUCUUAGGCUCUUCAAGAUCCAACGAGCAAAGCACAGGGCCUGCAGAGAGGUAGCGCUCUGCUC
195,194,mmu-miR-1948-3p,MIMAT0009415,UUGAAGGUUUUGGGCUGCGUGUCAGGAGUGCAUUUGCACUGAAACUAUCCAAAGCAUGUAAAUGCAUUAUUUGGUACGACAUUCCAGAACGUACAAUC
196,195,mmu-miR-99a-5p,MIMAT0000131,GCACUUGUCAAGAACUUUCUCUGUGACCCGCGUGUACUUAAAAGCCGCAUCACAGUCUGAGUUCUUGCUGAGUGC
197,196,mmu-miR-20a-5p,MIMAT0000529,GUGUGAUGUGACAGCUUCUGUAGCACUAAAGUGCUUAUAGUGCAGGUAGUGUGUAGCCAUCUACUGCAUUACGAGCACUUAAAGUACUGCCAGCUGUAGAACUCCAG
198,197,mmu-miR-17-5p,MIMAT0000649,AUCUGAGACUGAACUGCCCUUUUUCGGUUAUCAUGGUACCGAUGCUGUAGCUCUGAAAGGUACAGUACUGUGAUAGCUGAAGAAUGGCGGUGCCAUC
199,198,mmu-mir-219a-2,MI0000741,CCGUCCCGGGCCGCGGCUCCUGAUUGUCCAAACGCAAUUCUCGAGUCUCUGGCUCCGGCCGAGAGUUGCGUCUGGACGUCCCGAGCCGCCGCCCCCAAACCUCGAGGGGG
200,199,mmu-mir-9-3,MI0000721,CAUAAACCCGUAGAUCCGAUCUUGUGGUGAAGUGGACCGCGCAAGCUCGUUUCUAUGGGUCUGUG
201,200,mmu-miR-669c-5p,MIMAT0003479,AGGCAGGGGUGAGGGGCUGCGGGAGGAGCGGGGCGGAGGCUGCGGCUUGCGCUUCUCCUGGCUCUCCUCCCUUUCUUU
202,201,mmu-miR-665-3p,MIMAT0003733,GGCUUCUGUUGGGUCAGACAGUUUGGUGCGCUAGUUGUGUGCUUAGCAGCAACGCACACCAGGCUGACUGCCUUAGCAGUGUGGCC
203,202,mmu-miR-208a-3p,MIMAT0000520,AAGUUCUUCUAGCGACAGGUUUUCGCCGUGAUCUGCAGAGUUCCAUGAAGAAAACAUCUGAGAUCAUCGUGAAAGCCAGUUGCUUAAGAGGACUC
204,203,mmu-mir-24-2,MI0000572,CUCCGGUGCCUACUGAGCUGAUAUCAGUUCUCAUUUCACACACUGGCUCAGUUCAGCAGGAACAGGAG
205,204,mmu-mir-199b,MI0000714,CCAGAGGAUACCUCCACUCCGUCUACCCAGUGUUUAGACUACCUGUUCAGGACUCCCAAAUUGUACAGUAGUCUGCACAUUGGUUAGGCUGGGCUGGGUUAGACCCUCGG
206,205,mmu-mir-322,MI0000590,CCUCGUUGACUCCGAAGGGCUGCAGCAGCAAUUCAUGUUUUGGAGUAUUGCCAAGGUUCAAAACAUGAAGCGCUGCAACACCCCUUCGUGGGGAA
207,206,mmu-miR-701-5p,MIMAT0003491,CUCGUCAGGCUCAGUCCCCUCCCGAUAAACCUCAAAAUAGGGUCUUACCUAGGGGGCUGGCGGCGUA
208,207,mmu-mir-467a-6,MI0014065,CUGUGUGCGUAAGUGCCUGCAUGUAUAUGCGUGUAUAUUUUAUGCAUAUACAUACACACACCUACACACACAU
209,208,mmu-mir-669a-5,MI0014055,UGUAUGUGCAUGUGUGUAUAGUUGUGUGUGCAUGUUCAUGUCUAUAUUUGAAUAUACAUAACAUACACACACACGUAUAAACGCAAGCACACAUACA
210,209,mmu-let-7a-1,MI0000556,UUCACUGUGGGAUGAGGUAGUAGGUUGUAUAGUUUUAGGGUCACACCCACCACUGGGAGAUAACUAUACAAUCUACUGUCUUUCCUAAGGUGAU
211,210,mmu-mir-19b-2,MI0000546,ACUUACGAUUAGUUUUGCAGAUUUGCAGUUCAGCGUAUAUGUGAAUAUAUGGCUGUGCAAAUCCAUGCAAAACUGAUUGUGGGA
212,211,mmu-miR-188-5p,MIMAT0000217,UAAGUACUUUCGCUUGCAGAGAGAAAUCACAGUGGUCAAAAAAGUUGUAGUUUUCUUAAAGUCUCUUUCCUCUGUGAUUCUCUGUGUAAGCGAAAGAGCUUG
213,212,mmu-miR-382-5p,MIMAT0000747,AGGACCCUUCCAGAGGGCCCCCCCUCAAUCCUGUUGUGCCUAAUUCAGAGGGUUGGGUGGAGGCUCUCCUGAAGGGCUCU
214,213,mmu-miR-15a-5p,MIMAT0000526,AUCCCACCCUGUUCGCAAUGGCACUGCAUGAAUUCACGGAUGCAAAGCGACAGACCGCGGAUCAUGCGGUACCAUAGCUGACGGUGGUGAGAU
215,214,mmu-miR-183-5p,MIMAT0000212,GUGACGAAAGUAGUGUGCAGCCAAGGAUGACUUGCCGAUUUAAAUGAUCUUUCUUUAUACUCUAUUAAGACAAUUUAGUUUCAAACUUUUUUUUUUUUUUUUUUUUGAAGGAUUCAGGAAGAAAUUAGGAUAUAUUAUUCCGUAUAAAAUACAAGAUAUAUAAAACCAAAAAGAAAAAGUAACAUGAUCGGCAAGUUGUCCUUGGCUACACGUUACUUUGUGUCGC
216,215,mmu-miR-669f-3p,MIMAT0005839,CGAAAUCAUGUUAGAUCCUGGACAAAUAUGAAGUAAAUUGUUUUUAUGCAUCAAUUACUUGAUAUUCAUCCUUGAACUAAAUGGUUUUAGAGC
217,216,mmu-miR-186-5p,MIMAT0000215,UGCUGUGGCAUCAUCAAGAUUCACAUCUGUUGAUGGACGGUGGUGAUUCACUCUCCACAAAGUUCUCUAUGAAAAUGAGAAUCUUGAUGAUGCUGCAUCGGC
218,217,mmu-let-7b-5p,MIMAT0000522,CGAGUCAAUGCCGUUUAAGUGAAUGCUUUGCCACAGUCUUCGAUCAUGUCACAUGAAGCCUGGGCUUAGAUUCACUUAGGCCGGCGUUCCUUGACUCA
219,218,mmu-miR-670-5p,MIMAT0003736,CAGGGGUGGCCGGUACCCUACGCUGCCGAUUUACAUAAUAUAAAUUGUAAAUGCUGCAGUAGUAGGGAUCUGGACGCGCGACCUG
220,219,mmu-miR-5114,MIMAT0020622,ACUGGAGACGGAAGCUGCAAGAGCGGCUGAGUGUGGGGUCUUGCAGUUCCUGUUCCAGAAG
221,220,mmu-miR-485-5p,MIMAT0003128,ACUUGGAGAGAGGCUGGCCGUGAUGAAUUCGAUUCAUCUAAACGAGUCAUACACGGCUCUCCUCUCUUCUAGU
222,221,mmu-miR-98-5p,MIMAT0000545,AGAGAGCUUUCUUCGGUCCACUCAUGGAGUAAUAUGUGAGAUUUAAUUGACUCUCGACUCAUUCAUCCAAAUACCAAAUGAAAGAAUUUGUUCUCAUAUGGUAAAUGAAUGAAUGAUGCGAGAGACAAAUUGAGUCUUCACUUCUCUAUGCUUGGACUGAAGGGAGCUCCCU
223,222,mmu-miR-673-5p,MIMAT0003739,CUGGGUCCUCGGGGGGCGGUGGAGACCGCGGGUGCGGUGAUUGCUUGACCCUCGCACCUCGCCGUCUCUACUGCUCGCCGGGUACGUCUGG
224,223,mmu-miR-433-3p,MIMAT0001420,CCCCUGCCCUCACCCCAGCGGGUUUUCAUCGCAGUGAUAUGACGCAUUCAAACCAUUUCUUAUCACCGGGUGUCAAUCAGCUAGGGUGUGGGCGCGGG
225,224,mmu-let-7a-2,MI0000557,UUCACUGUGGGAUGAGGUAGUAGGUUGUAUAGUUUUAGGGUCACACCCACCACUGGGAGAUAACUAUACAAUCUACUGUCUUUCCUAAGGUGAU
226,225,mmu-mir-669a-8,MI0014066,UGUAUGUGCAUGUGUGUAUAGUUGUGUGUGCAUGUUCAUGUCUAUAUUUGAAUAUACAUAACAUACACACACACGUAUAAACGCAAGCACACAUACA
227,226,mmu-miR-152-3p,MIMAT0000162,GAGGACUCCAUUUGUUUUGAUGAUGGAUUCUUAAGCUCCAUCAUCGUCUCAAAUGAGUCUUC
228,227,mmu-mir-128-1,MI0000155,GUUGGAUUCGGGGCCGUAGCACUGUCUGAGAGGUUUACAUUUCUCACAGUGAACCGGUCUCUUUUUCAGC
229,228,mmu-mir-425,MI0001447,AAAGUGCUUUGGAAUGACACGAUCACUCCCGUUGAGUGGGCACCCAAGAAGCCAUCGGGAAUGUCGUGUCCGCCCAGUGCUCUUU
230,229,mmu-miR-666-5p,MIMAT0003737,GGCCGGCUCCUUAUUAACCUGAUCAGCCCCGGGGUUGCCUGUCUUAGCACUAACUCCGGGCCUGAAGAGGUUGACAAGAAGGGUC
231,230,mmu-miR-19a-3p,MIMAT0000651,UGGGAAACAUACUUCUUUAUAUGCCCAUAUGGACCUGCUAAGCUAUGGAAUGUAAAGAAGUAUGUAUCUCA
232,231,mmu-miR-125a-5p,MIMAT0000135,UAUUAACGCGUCAAAAUGACUGUGAGCUAUGUGGAUUUGACUUCAUAUCACAGCCAUUUUGACGAGUUUG
233,232,mmu-miR-1903,MIMAT0007868,UCUCAUCUGGACCCCACUGGGGAGGGCUUCUGAGCUCCUCAGCACUGGCAGGAGGGGCUCCAGGGGCCCUCCCUCCAUGGCAGCCAGGACAGGACUCUCA
234,233,mmu-miR-5125,MIMAT0020635,CGCCUUGCAGUCUAAGGAGAGCCCCAUGCCUUUGGACAUGCUGUUCCUUCUGCCUGGGAUUUCCUUGUCUGCCUGGUGA
235,234,mmu-mir-16-1,MI0000565,AUGUCAGCGGUGCCUUAGCAGCACGUAAAUAUUGGCGUUAAGAUUCUGAAAUUACCUCCAGUAUUGACUGUGCUGCUGAAGUAAGGUUGGCAA
236,235,mmu-mir-181a-2,MI0000223,CCAUGGAACAUUCAACGCUGUCGGUGAGUUUGGGAUUCAAAAACAAAAAAACCACCGACCGUUGACUGUACCUUGG
237,236,mmu-miR-501-5p,MIMAT0003508,GUUGUCGUCAUAUAUGGACUGUAGAAACACCUGAAGCGAGUGAGGACCAUCCGAUUCUAGCCAUGGAAACAGAUAAGAGCUCAUGUCUGGGUUCCUGUUUCUGUGAUGCUUUUGAGGUUUGCGCAUGAGAUAGCAUCGGUUAGGCUUCAAACUCUUGAGGUGUUUCUACAGGCUACAUAUGAUUGAUAGC
238,237,mmu-miR-677-5p,MIMAT0003451,GGAGCUGUGUUUCUGUCUUUGGUUAUCUAGCUGUAUGAGUGUUAAAUACCUGUCAUAAAGCUAGAUAACCGAAAGUAGAAAU
239,238,mmu-mir-669a-9,MI0014068,UGUAUGUGCAUGUGUGUAUAGUUGUGUGUGCAUGUUCAUGUCUAUAUUUGAAUAUACAUAACAUACACACACACGUAUAAACGCAAGCACACAUACA
240,239,mmu-miR-27a-3p,MIMAT0000537,UCUUCGGACCACGCCUUCAGUUGCCUCGUGAUCCGCCGAAUCUGUAAUGGACGAAUCACAGUCAACUGUUGGCACGGUCCUUGAAGU
241,240,mmu-miR-301b-3p,MIMAT0004186,UUUCCUGCUGGCUGCGGGUGCUCUGACUAGGUUGCACUACUGUGCUGUGAGAAGCAGUGCAAUGGUAUUGUCAAAGCAUCUGGGACCAGCCUCGAAG
242,241,mmu-miR-2137,MIMAT0011213,GUAGUAUACCUCCUUCCUGCUGCCUUGUUGGCUUGCCGGCGGGAGCCCCAGGGAGUAGAGCAUUGC
243,242,mmu-miR-1251-5p,MIMAT0014824,GUCAGCUAUGUGGACUCUAGCUGCCAAAGGCGCUUCUCCUUCUGAACAGAGCGCUUUGCUCAGCCAGUGUAGACAUGGCCUGAU
244,243,mmu-miR-33-5p,MIMAT0000667,GACCCUUUGGCGAUCUCUGCCUCUCUGGGCCUGUGUCUUAGGCUCUUCAAGAUCCAACGAGCAAAGCACAGGGCCUGCAGAGAGGUAGCGCUCUGCUC
245,244,mmu-mir-190a,MI0000232,CUGUGUGAUAUGUUUGAUAUAUUAGGUUGUUAUUUAAUCCAACUAUAUAUCAAGCAUAUUCCUACAG
246,245,mmu-miR-540-3p,MIMAT0003167,UCUCAUGAUGUGACCAUCUGGAGGUAAGAAGCACUUUGUGUUUUGUGAAAGAAAGUGCUUCCUUUCAGAGGGUUACUCUUUGAGA
247,246,mmu-miR-615-3p,MIMAT0003783,UCGGGAGGGGCGGGAGGGGGGUCCCCGGUGCUCGGAUCUCGAGGGUGCUUAUUGUUCGGUCCGAGCCUGGGUCUCCCUCUUCCCCCCAUCCC
248,247,mmu-mir-16-2,MI0000566,AUGUCAGCGGUGCCUUAGCAGCACGUAAAUAUUGGCGUUAAGAUUCUGAAAUUACCUCCAGUAUUGACUGUGCUGCUGAAGUAAGGUUGGCAA
249,248,mmu-mir-496a,MI0004589,AGUGUUCGAAUGGAGGUUGCCCAUGGUGUGUUCAUUUUAUUUAUGAUGAGUAUUACAUGGCCAAUCUCCUUUCGGCACU
250,249,mmu-miR-193b-3p,MIMAT0004859,AAGAACCUGCUCCGUCGCCCCAGUGUUCAGACUACCUGUUCAGGACAAUGCUGUUGUACAGUAGUCUGCACAUUGGUUAGACUGGGCAUGGGACAG
251,250,mmu-miR-23a-3p,MIMAT0000532,AAGUGACCAAUGUCCAGCGUCUUACCUGUUCAAUAUUUAGACUGACCAAACCCAUAGCUCUAAUACUGUCAGGUAAUGACGCUGGAUAGUCUUGUCAUUG
252,251,mmu-miR-3068-5p,MIMAT0014842,GCGAGAGUAAUUGGAGUUCAUGCAAGUUCUAACCAGCUUACUCAGUAGCUGGGUGAAUUGCAGUACUCCAACAUUCUGC
253,252,mmu-miR-1197-3p,MIMAT0005858,ACCAAGUUCGCUUUCCUAAGUACUAGUGCCGCAGGAGUUAGGUUCGUGUCCGCAAUACCUCCUGCUGCCCAAGUGCUUAUUAAAGCGGCGAGU
254,253,mmu-mir-128-2,MI0000726,GUUGGAUUCGGGGCCGUAGCACUGUCUGAGAGGUUUACAUUUCUCACAGUGAACCGGUCUCUUUUUCAGC
255,254,mmu-miR-10b-5p,MIMAT0000208,UGGUGCACCGGCAUCUGAUGAAGCUGCCAGCAUGAUCUAAUUAGCUUUCUUUAUCCUUUGUUGUGUUUCAUGACGAUGGUUAAGAGAUCAGUCUCGAUUAGAUCAUGUUCGCAGUUUCACCCGUUGACUGUCGCACCC
