,Unnamed: 0,Protein_id,Interactor2,Id2,NP,p_seq,protein_seq
0,0,0,Cdx2,12591,NP_031699,,MYVSYLLDKDVSMYPSSVRHSGGLNLAPQNFVSPPQYPDYGGYHVAAAAAATANLDSAQSPGPSWPTAYGAPLREDWNGYAPGGAAAANAVAHGLNGGSPAAAMGYSSPAEYHAHHHPHHHPHHPAASPSCASGLLQTLNLGPPGPAATAAAEQLSPSGQRRNLCEWMRKPAQQSLGSQVKTRTKDKYRVVYTDHQRLELEKEFHFSRYITIRRKSELAATLGLSERQVKIWFQNRRAKERKIKKKQQQQQQQQQQQPPQPPPQPSQPQPGALRSVPEPLSPVTSLQGSVPGSVPGVLGPAGGVLNSTVTQ
1,1,1,Sox2,20674,NP_035573,,MYNMMETELKPPGPQQASGGGGGGGNATAAATGGNQKNSPDRVKRPMNAFMVWSRGQRRKMAQENPKMHNSEISKRLGAEWKLLSETEKRPFIDEAKRLRALHMKEHPDYKYRPRRKTKTLMKKDKYTLPGGLLAPGGNSMASGVGVGAGLGAGVNQRMDSYAHMNGWSNGSYSMMQEQLGYPQHPGLNAHGAAQMQPMHRYDVSALQYNSMTSSQTYMNGSPTYSMSYSQQGTPGMALGSMGSVVKSEASSSPPVVTSSSHSRAPCQAGDLRDMISMYLPGAEVPEPAAPSRLHMAQHYQSGPVPGTAINGTLPLSHM
2,2,2,Med13,327987,NP_001074400,,MSSSFVSNGASLEDCHCNLFCLADLTGIKWKRYVWQGPTSAPILFPVTEEDPILSSFSRCLKADVLGVWRRDQRPGRRELWIFWWGKDPNFADLIHHDLSEEEDGVWENGLSYECRTLLFKAVHNLLERCLMNRNFVRIGKWFVKPYEKDEKPINKSEHLSCSFTFFLHGDSNVCTSVEINQHQPVYLLSEEHVTLAQQSNSPFQVILSPFGLNGTLTGQAFKMSDSATKKLIGEWKQFYPISCGLKEMSEEKQDDMDWEDDSLAAVEVLVAGVRMIYPACFVLVPQSDIPAPSSVGASHCSASCLGIHQVPASTRDPAMSSVTLTPPTSPEEVQTVDPQSAQKWVKFSSVSDGFSTDSTSHHGGKIPRKLANHVVDRVWQECNMNRLQNKRKYSATSSGLCEEETADKIGCWDFVEATQRTSCSCLRHKSLKTRNTGQQGQAPSLGQQQQVLPKHKTNEKQDKSEKPQKRPLTPFHHRVSVSDEIGMDTDSASQRLVISAADSQVRFSNIRTNDVAKTPQMHGTELANSPQPPPLSPHPCDVVDEGVTKTPSTPQSQHFYQMPTPDPLVPTKPMEDRIDSLSQSFPPPFQEAVEPTVYVGTAVSLEEDEANVAWKYYKVPKKKDVEFLPPQLPNDKFKDDPVGPFGQESVTSVTELMVQCKKPLKVSDEIVQQYQIKNQYLSAIASDTEQEPKIDPYAFVEGDEEFIFTDKKDRQNSEREAGKKHKVEDGTSAVTVLSHEEDAMSLFSPSKQDAPRPTNHARPPSTSLIYDSDLAVSYTDLDNLFNSDEDELTPGSKKSASGSDDKASSKESKTGNLDPLSCISTADLHKMYPTPPSLEQHIMGFSPMNMNNKEYGSVDTAPGGTVLEGNSSSVGTQFRIEVEEGFCSPKPSEIKDFSYVYKPENCQVLVGCSMFAPLKTLPSHCLPPIKLPEECVYRQSWTVGKLDLLPSGPSMPFIKEGDGSNLDQDYGPAYTPQTHASFGMPPSSAPPSNGGAGILPSPSTPRFPTPRTPRTPRTPRGAGGPASAQGSVKYENSDLYSPASTPSTCRPLNSVEPATVPSIPEAHSLYVNLILSESVMNLFKDCNFDSCCICVCNMNIKGADVGVYIPDPTQEAQYRCTCGFSAVMNRKFGNNSGLFLEDELDIIGRNTDCGKEAEKRFEALRASSVENVNGGLKESEKVPDELILLLQDQCTNLFSPFGAADQDPFPKVGISSNWVRVEERDCCSDCCLALEHGRQFMDNMSGGKVDEALVRSSCLHPWAKQNDASVQCSQDILRMLLSLQPVLQDAIQKKRTVRPWGVQGPLTWQQFHKMAGRGSYGTDESPEPLPIPTFLLGYDYDFLVLSPFALPYWEKLMLEPYGSQRDIAYVVLCPENEALLNGARSFFRDLTAIYESCRLGQHRPISRLLTDGIMKVGATASKKLSEKFVTEWFSQAADGNNEAFSKLKLYAQVCRYDLGPYLASQPLDSSLLSQPNLVAPPNQSLVTAPQMTNTGNANAPSATLASAASSTMTMTSGVPISTSVATANSTLTTTSSSSSSSLSSGVSSNKLPSFPPFGSMNTSGTGSMSAQASTVQSGQLGGQQSSSLQAAGISGESASLPTQPHPDVSESTMDRDKVGIPTDGDSHAITYPPAIVVYIIDPFTYENKDESTNSSNVWTLGLLRCFLEMVQTLPPHIKSTVSVQIVPCQYLLQPVKHDDRQIYSQHLKSLAFSVFTQCRRPLPTSTNVKTLTGFGPGLAMETALKSPDRPECIRLYTPPFILAPVKDKQTELGETFGEAGQKYNVLFVGYCLSHDQRWILASCTDLYGELLETCIINIDVPNRARRKKGSARRFGLQKLWEWCLGLVQMSSLPWRVVIGRLGRIGHGELKDWSCLLSRRNLQSLSKRLKDMCRMCGISAADSPSILSACLVAMEPQGSFVIMPDSVSTGSVFGRSTTLNMQTPQLNTPQDTSCTHILVFPTSASVQVASATYTTENLDLAFNPNNDGADGMGIFDLLDTGDDLDPDIINILPASPTASPVHSPGSHYPHGGDAGKGQGTDRLLSTESHDEVTNILQQPLALGYFVSTAKAGPLPDWFWSACPQAQYQCPLFLKASLHLHVPSVQSDELLHSKHSHPLDSNQTSDVLRFVLEQYNALSWLTCDPAVQDRRSCLPVHFVVLNQLYNFIMNML
3,3,3,Celf1,13046,NP_001393104,,MNGTLDHPDQPDLDAIKMFVGQVPRTWSEKDLRELFEQYGAVYEINILRDRSQNPPQSKGCCFVTFYTRKAALEAQNALHNMKVLPGMHHPIQMKPADSEKNNAVEDRKLFIGMISKKCTENDIRVMFSSFGQIEECRILRGPDGLSRGCAFVTFTTRTMAQTAIKAMHQAQTMEGCSSPMVVKFADTQKDKEQKRMAQQLQQQMQQISAASVWGNLAGLNTLGPQYLALYLQLLQQTASSGNLNTLSSLHPMGGLNAMQLQNLAALAAAASAAQNTPSGTNALTTSSSPLSVLTSSAGSSPSSSSSNSVNPIASLGALQTLAGATAGLNVGSLAGMAALNGGLGSSGLSNGTGSTMEALTQAYSGIQQYAAAALPTLYNQNLLTQQSIGAAGSQKEGPEGANLFIYHLPQEFGDQDLLQMFMPFGNVVSAKVFIDKQTNLSKCFGFVSYDNPVSAQAAIQSMNGFQIGMKRLKVQLKRSKNDSKPY
4,4,4,Ago2,239528,NP_694818,,MYSGAGPVLASPAPTTSPIPGYAFKPPPRPDFGTTGRTIKLQANFFEMDIPKIDIYHYELDIKPEKCPRRVNREIVEHMVQHFKTQIFGDRKPVFDGRKNLYTAMPLPIGRDKVELEVTLPGEGKDRIFKVSIKWVSCVSLQALHDALSGRLPSVPFETIQALDVVMRHLPSMRYTPVGRSFFTASEGCSNPLGGGREVWFGFHQSVRPSLWKMMLNIDVSATAFYKAQPVIEFVCEVLDFKSIEEQQKPLTDSQRVKFTKEIKGLKVEITHCGQMKRKYRVCNVTRRPASHQTFPLQQESGQTVECTVAQYFKDRHKLVLRYPHLPCLQVGQEQKHTYLPLEVCNIVAGQRCIKKLTDNQTSTMIRATARSAPDRQEEISKLMRSASFNTDPYVREFGIMVKDEMTDVTGRVLQPPSILYGGRNKAIATPVQGVWDMRNKQFHTGIEIKVWAIACFAPQRQCTEVHLKSFTEQLRKISRDAGMPIQGQPCFCKYAQGADSVEPMFRHLKNTYAGLQLVVVILPGKTPVYAEVKRVGDTVLGMATQCVQMKNVQRTTPQTLSNLCLKINVKLGGVNNILLPQGRPPVFQQPVIFLGADVTHPPAGDGKKPSIAAVVGSMDAHPNRYCATVRVQQHRQEIIQDLAAMVRELLIQFYKSTRFKPTRIIFYRDGVSEGQFQQVLHHELLAIREACIKLEKDYQPGITFIVVQKRHHTRLFCTDKNERVGKSGNIPAGTTVDTKITHPTEFDFYLCSHAGIQGTSRPSHYHVLWDDNRFSSDELQILTYQLCHTYVRCTRSVSIPAPAYYAHLVAFRARYHLVDKEHDSAEGSHTSGQSNGRDHQALAKAVQVHQDTLRTMYFA
5,5,5,Lin28a,83557,NP_665832,,MGSVSNQQFAGGCAKAAEKAPEEAPPDAARAADEPQLLHGAGICKWFNVRMGFGFLSMTARAGVALDPPVDVFVHQSKLHMEGFRSLKEGEAVEFTFKKSAKGLESIRVTGPGGVFCIGSERRPKGKNMQKRRSKGDRCYNCGGLDHHAKECKLPPQPKKCHFCQSINHMVASCPLKAQQGPSSQGKPAYFREEEEEIHSPALLPEAQN
6,6,6,Tial1,21843,NP_001334569,,MMEDDGQPRTLYVGNLSRDVTEVLILQLFSQIGPCKSCKMITEHTSNDPYCFVEFYEHRDAAAALAAMNGRKILGKEVKVNWATTPSSQKKDTSNHFHVFVGDLSPEITTEDIKSAFAPFGKISDARVVKDMATGKSKGYGFVSFYNKLDAENAIVHMGGQWLGGRQIRTNWATRKPPAPKSTQETNTKQLRFEDVVNQSSPKNCTVYCGGIASGLTDQLMRQTFSPFGQIMEIRVFPEKGYSFVRFSTHESAAHAIVSVNGTTIEGHVVKCYWGKESPDMTKNFQQVDYSQWGQWSQVYGNPQQYGQYMANGWQVPPYGVYGQPWNQQGFGVDQSPSAAWMGGFGAQPPQGQAPPPVIPPPNQAGYGMASFPTQ
7,7,7,Srsf2,20382,NP_035488,,MSYGRPPPDVEGMTSLKVDNLTYRTSPDTLRRVFEKYGRVGDVYIPRDRYTKESRGFAFVRFHDKRDAEDAMDAMDGAVLDGRELRVQMARYGRPPDSHHSRRGPPPRRYGGGGYGRRSRSPRRRRRSRSRSRSRSRSRSRSRYSRSKSRSRTRSRSRSTSKSRSARRSKSKSSSVSRSRSRSRSRSRSRSPPPVSKRESKSRSRSKSPPKSPEEEGAVSS
8,8,8,Fus,233908,NP_631888,,MASNDYTQQATQSYGAYPTQPGQGYSQQSSQPYGQQSYSGYGQSADTSGYGQSSYGSSYGQTQNTGYGTQSAPQGYGSTGGYGSSQSSQSSYGQQSSYPGYGQQPAPSSTSGSYGGSSQSSSYGQPQSGGYGQQSGYGGQQQSYGQQQSSYNPPQGYGQQNQYNSSSGGGGGGGGGNYGQDQSSMSGGGGGGGYGNQDQSGGGGGGYGGGQQDRGGRGRGGGGGYNRSSGGYEPRGRGGGRGGRGGMGGSDRGGFNKFGGPRDQGSRHDSEQDNSDNNTIFVQGLGENVTIESVADYFKQIGIIKTNKKTGQPMINLYTDRETGKLKGEATVSFDDPPSAKAAIDWFDGKEFSGNPIKVSFATRRADFNRGGGNGRGGRGRGGPMGRGGYGGGGSGGGGRGGFPSGGGGGGGQQRAGDWKCPNPTCENMNFSWRNECNQCKAPKPDGPGGGPGGSHMGGNYGDDRRGRGGYDRGGYRGRGGDRGGFRGGRGGGDRGGFGPGKMDSRGEHRQDRRERPY
9,9,9,Slc25a22,68267,NP_080922,,MADKQISLPAKLINGGIAGLIGVTCVFPIDLAKTRLQNQQNGQRMYASMSDCLIKTIRSEGYFGMYRGAAVNLTLVTPEKAIKLAANDFFRHQLSKDGQKLTLPKEMLAGCGAGTCQVIVTTPMEMLKIQLQDAGRIAAQRKILAAQAQLSAQGGAQPSVEAPAPPRPTATQLTRDLLRNHGIAGLYKGLGATLLRDVPFSIVYFPLFANLNQLGRPSSEEKSPFYVSFLAGCVAGSAAAVAVNPCDVVKTRLQSLERGVNEDTYSGFLDCARKIWRHEGPSAFLKGAYCRALVIAPLFGIAQVVYFLGIAESLLGLLQEPQA
10,10,10,Tardbp,230908,NP_001292354,,MDETDASSAVKVKRAVQKTSDLIVLGLPWKTTEQDLKDYFSTFGEVLMVQVKKDLKTGHSKGFGFVRFTEYETQVKVMSQRHMIDGRWCDCKLPNSKQSPDEPLRSRKVFVGRCTEDMTAEELQQFFCQYGEVVDVFIPKPFRAFAFVTFADDKVAQSLCGEDLIIKGISVHISNAEPKHNSNRQLERSGRFGGNPGGFGNQGGFGNSRGGGAGLGNNQGGNMGGGMNFGAFSINPAMMAAAQAALQSSWGMMGMLASQQNQSGPSGNNQSQGSMQREPNQAFGSGNNSYSGSNSGAPLGWGSASNAGSGSGFNGGFGSSMDSKSSGWGM
11,11,11,Cirbp,12696,NP_001366351,,MASDEGKLFVGGLSFDTNEQALEQVFSKYGQISEVVVVKDRETQRSRGFGFVTFENIDDAKDAMMAMNGKSVDGRQIRVDQAGKSSDNRSRGYRGGSAGGRGFFRGGRSRGRGFSRGGGDRGYGGGRFESRSGGYGGSRDYYASRSQGGSYGYRSSGGSYRDSYDSYATHNE
12,12,12,Igf1r,16001,NP_034643,,MKSGSGGGSPTSLWGLVFLSAALSLWPTSGEICGPGIDIRNDYQQLKRLENCTVIEGFLHILLISKAEDYRSYRFPKLTVITEYLLLFRVAGLESLGDLFPNLTVIRGWKLFYNYALVIFEMTNLKDIGLYNLRNITRGAIRIEKNADLCYLSTIDWSLILDAVSNNYIVGNKPPKECGDLCPGTLEEKPMCEKTTINNEYNYRCWTTNRCQKMCPSVCGKRACTENNECCHPECLGSCHTPDDNTTCVACRHYYYKGVCVPACPPGTYRFEGWRCVDRDFCANIPNAESSDSDGFVIHDDECMQECPSGFIRNSTQSMYCIPCEGPCPKVCGDEEKKTKTIDSVTSAQMLQGCTILKGNLLINIRRGNNIASELENFMGLIEVVTGYVKIRHSHALVSLSFLKNLRLILGEEQLEGNYSFYVLDNQNLQQLWDWNHRNLTVRSGKMYFAFNPKLCVSEIYRMEEVTGTKGRQSKGDINTRNNGERASCESDVLRFTSTTTWKNRIIITWHRYRPPDYRDLISFTVYYKEAPFKNVTEYDGQDACGSNSWNMVDVDLPPNKEGEPGILLHGLKPWTQYAVYVKAVTLTMVENDHIRGAKSEILYIRTNASVPSIPLDVLSASNSSSQLIVKWNPPTLPNGNLSYYIVRWQRQPQDGYLYRHNYCSKDKIPIRKYADGTIDVEEVTENPKTEVCGGDKGPCCACPKTEAEKQAEKEEAEYRKVFENFLHNSIFVPRPERRRRDVMQVANTTMSSRSRNTTVADTYNITDPEEFETEYPFFESRVDNKERTVISNLRPFTLYRIDIHSCNHEAEKLGCSASNFVFARTMPAEGADDIPGPVTWEPRPENSIFLKWPEPENPNGLILMYEIKYGSQVEDQRECVSRQEYRKYGGAKLNRLNPGNYTARIQATSLSGNGSWTDPVFFYVPAKTTYENFMHLIIALPVAILLIVGGLVIMLYVFHRKRNNSRLGNGVLYASVNPEYFSAADVYVPDEWEVAREKITMNRELGQGSFGMVYEGVAKGVVKDEPETRVAIKTVNEAASMRERIEFLNEASVMKEFNCHHVVRLLGVVSQGQPTLVIMELMTRGDLKSYLRSLRPEVEQNNLVLIPPSLSKMIQMAGEIADGMAYLNANKFVHRDLAARNCMVAEDFTVKIGDFGMTRDIYETDYYRKGGKGLLPVRWMSPESLKDGVFTTHSDVWSFGVVLWEIATLAEQPYQGLSNEQVLRFVMEGGLLDKPDNCPDMLFELMRMCWQYNPKMRPSFLEIIGSIKDEMEPSFQEVSFYYSEENKPPEPEELEMEPENMESVPLDPSASSASLPLPERHSGHKAENGPGPGVLVLRASFDERQPYAHMNGGRANERALPLPQSSTC
13,13,13,Srsf1,110809,NP_001071635,,MSGGGVIRGPAGNNDCRIYVGNLPPDIRTKDIEDVFYKYGAIRDIDLKNRRGGPPFAFVEFEDPRDAEDAVYGRDGYDYDGYRLRVEFPRSGRGTGRGGGGGGGGGAPRGRYGPPSRRSENRVVVSGLPPSGSWQDLKDHMREAGDVCYADVYRDGTGVVEFVRKEDMTYAVRKLDNTKFRSHEVGYTLILFFGQNWIQFS
14,14,14,Il10,16153,NP_034678,,MPGSALLCCLLLLTGMRISRGQYSREDNNCTHFPVGQSHMLLELRTAFSQVKTFFQTKDQLDNILLTDSLMQDFKGYLGCQALSEMIQFYLVEVMPQAEKHGPEIKEHLNSLGEKLKTLRMRLRRCHRFLPCENKSKAVEQVKSDFNKLQDQGVYKAMNEFDIFINCIEAYMMIKMKS
15,15,15,Tlr7,170743,NP_573474,,MVFSMWTRKRQILIFLNMLLVSRVFGFRWFPKTLPCEVKVNIPEAHVIVDCTDKHLTEIPEGIPTNTTNLTLTINHIPSISPDSFRRLNHLEEIDLRCNCVPVLLGSKANVCTKRLQIRPGSFSGLSDLKALYLDGNQLLEIPQDLPSSLHLLSLEANNIFSITKENLTELVNIETLYLGQNCYYRNPCNVSYSIEKDAFLVMRNLKVLSLKDNNVTAVPTTLPPNLLELYLYNNIIKKIQENDFNNLNELQVLDLSGNCPRCYNVPYPCTPCENNSPLQIHDNAFNSLTELKVLRLHSNSLQHVPPTWFKNMRNLQELDLSQNYLAREIEEAKFLHFLPNLVELDFSFNYELQVYHASITLPHSLSSLENLKILRVKGYVFKELKNSSLSVLHKLPRLEVLDLGTNFIKIADLNIFKHFENLKLIDLSVNKISPSEESREVGFCPNAQTSVDRHGPQVLEALHYFRYDEYARSCRFKNKEPPSFLPLNADCHIYGQTLDLSRNNIFFIKPSDFQHLSFLKCLNLSGNTIGQTLNGSELWPLRELRYLDFSNNRLDLLYSTAFEELQSLEVLDLSSNSHYFQAEGITHMLNFTKKLRLLDKLMMNDNDISTSASRTMESDSLRILEFRGNHLDVLWRAGDNRYLDFFKNLFNLEVLDISRNSLNSLPPEVFEGMPPNLKNLSLAKNGLKSFFWDRLQLLKHLEILDLSHNQLTKVPERLANCSKSLTTLILKHNQIRQLTKYFLEDALQLRYLDISSNKIQVIQKTSFPENVLNNLEMLVLHHNRFLCNCDAVWFVWWVNHTDVTIPYLATDVTCVGPGAHKGQSVISLDLYTCELDLTNLILFSVSISSVLFLMVVMTTSHLFFWDMWYIYYFWKAKIKGYQHLQSMESCYDAFIVYDTKNSAVTEWVLQELVAKLEDPREKHFNLCLEERDWLPGQPVLENLSQSIQLSKKTVFVMTQKYAKTESFKMAFYLSHQRLLDEKVDVIILIFLEKPLQKSKFLQLRKRLCRSSVLEWPANPQAHPYFWQCLKNALTTDNHVAYSQMFKETV
16,16,16,Ezh2,14056,NP_001396750,,MGQTGKKSEKGPVCWRKRVKSEYMRLRQLKRFRRADEVKTMFSSNRQKILERTETLNQEWKQRRIQPVHIMTSCSVTSDLDFPAQVIPLKTLNAVASVPIMYSWSPLQQNFMVEDETVLHNIPYMGDEVLDQDGTFIEELIKNYDGKVHGDRECGFINDEIFVELVNALGQYNDDDDDDDGDDPDEREEKQKDLEDNRDDKETCPPRKFPADKIFEAISSMFPDKGTAEELKEKYKELTEQQLPGALPPECTPNIDGPNAKSVQREQSLHSFHTLFCRRCFKYDCFLHPFHATPNTYKRKNTETALDNKPCGPQCYQHLEGAKEFAAALTAERIKTPPKRPGGRRRGRLPNNSSRPSTPTISVLESKDTDSDREAGTETGGENNDKEEEEKKDETSSSSEANSRCQTPIKMKPNIEPPENVEWSGAEASMFRVLIGTYYDNFCAIARLIGTKTCRQVYEFRVKESSIIAPVPTEDVDTPPRKKKRKHRLWAAHCRKIQLKKDGSSNHVYNYQPCDHPRQPCDSSCPCVIAQNFCEKFCQCSSECQNRFPGCRCKAQCNTKQCPCYLAVRECDPDLCLTCGAADHWDSKNVSCKNCSIQRGSKKHLLLAPSDVAGWGIFIKDPVQKNEFISEYCGEIISQDEADRRGKVYDKYMCSFLFNLNNDFVVDATRKGNKIRFANHSVNPNCYAKVMMVNGDHRIGIFAKRAIQTGEELFFDYRYSQADALKYVGIEREMEIP
17,17,17,Lin28b,380669,NP_001026942,,MAEGGASKGEEPEKLPGLAEDEPQVLHGTGHCKWFNVRMGFGFISMISREGNPLDIPVDVFVHQSKLFMEGFRSLKEGEPVEFTFKKSPKGLESIRVTGPGGSPCLGSERRPKGKTLQKRKPKGDRWRRQDLLMDQMWTVREEESRMIPRCYNCGGLDHHAKECSLPPQPKKCHYCQSIMHMVANCPHKLAAQLPASSQGRQEAESQPCSSAAPREVGGGHGCTVLFPQEVKSEMAEHSDRSPQEVSSTKAFAAIGEQNKKGPLIQKRKKT
18,18,18,Celf2,14007,NP_001393762,,MNGALDHSDQPDPDAIKMFVGQIPRSWSEKELKELFEPYGAVYQINVLRDRSQNPPQSKGCCFVTFYTRKAALEAQNALHNIKTLPGMHHPIQMKPADSEKSNAVEDRKLFIGMVSKKCNENDIRVMFSPFGQIEECRILRGPDGLSRGCAFVTFSTRAMAQNAIKAMHQSQTMEGCSSPIVVKFADTQKDKEQRRLQQQLAQQMQQLNTATWGNLTGLGGLTPQYLALLQQATSSSNLGAFSGIQQMAGMNALQLQNLATLAAAAAAAQTSATSTNANPLSSTSSALGALTSPVAASTPNSTAGAAMNSLTSLGTLQGLAGATVGLNNINALAGMAALNGGLGATGLTNGTAGTMDALTQAYSGIQQYAAAALPTLYSQSLLQQQSAAGSQKEGPEGANLFIYHLPQEFGDQDILQMFMPFGNVISAKVFIDKQTNLSKCFGFVSYDNPVSAQAAIQAMNGFQIGMKRLKVQLKRSKNDSKPY
19,19,19,Hnrnpk,15387,NP_001288270,,METEQPEETFPNTETNGEFGKRPAEDMEEEQAFKRSRNTDEMVELRILLQSKNAGAVIGKGGKNIKALRTDYNASVSVPDSSGPERILSISADIETIGEILKKIIPTLEEGLQLPSPTATSQLPLESDAVECLNYQHYKGSDFDCELRLLIHQSLAGGIIGVKGAKIKELRENTQTTIKLFQECCPHSTDRVVLIGGKPDRVVECIKIILDLISESPIKGRAQPYDPNFYDETYDYGGFTMMFDDRRGRPVGFPMRGRGGFDRMPPGRGGRPMPPSRRDYDDMSPRRGPPPPPPGRGGRGGSRARNLPLPPPPPPRGGDLMAYDRRGRPGDRYDGMVGFSADETWDSAIDTWSPSEWQMAYEPQGGSGYDYSYAGGRGSYGDLGGPIITTQVTIPKDLAGSIIGKGGQRIKQIRHESGASIKIDEPLEGSEDRIITITGTQDQIQNAQYLLQNSVKQYADVEGF
20,20,20,Efnb1,13641,NP_034240,,MARPGQRWLSKWLVAMVVLTLCRLATPLAKNLEPVSWSSLNPKFLSGKGLVIYPKIGDKLDIICPRAEAGRPYEYYKLYLVRPEQAAACSTVLDPNVLVTCNKPHQEIRFTIKFQEFSPNYMGLEFKKYHDYYITSTSNGSLEGLENREGGVCRTRTMKIVMKVGQDPNAVTPEQLTTSRPSKESDNTVKTATQAPGRGSQGDSDGKHETVNQEEKSGPGAGGGGSGDSDSFFNSKVALFAAVGAGCVIFLLIIIFLTVLLLKLRKRHRKHTQQRAAALSLSTLASPKGGSGTAGTEPSDIIIPLRTTENNYCPHYEKVSGDYGHPVYIVQEMPPQSPANIYYKV
21,21,21,Mbnl1,56758,NP_001240642,,MAMLAQQMQLANAMMPGAPLQPVPMFSVAPSLATSASAAFNPYLGPVSPSLVPAEILPTAPMLVTGNPGVPVPAAAAAAAQKLMRTDRLEVCREYQRGNCNRGENDCRFAHPADSTMIDTNDNTVTVCMDYIKGRCSREKCKYFHPPAHLQAKIKAAQYQVNQAAAAQAAATAAAMGIPQAVLPPLPKRPALEKTNGATAVFNTGIFQYQQALANMQLQQHTAFLPPGSILCMTPATSVVPMVHGATPATVSAATTSATSVPFAATATANQIPIISAEHLTSHKYVTQM
22,22,22,Hnrnpd,11991,NP_001070735,,MSEEQFGGDGAAAAATAAVGGSAGEQEGAMVAAAAQGPAAAAGSGSGGGGSAAGGTEGGSAEAEGAKIDASKNEEDEGKMFIGGLSWDTTKKDLKDYFSKFGEVVDCTLKLDPITGRSRGFGFVLFKESESVDKVMDQKEHKLNGKVIDPKRAKAMKTKEPVKKIFVGGLSPDTPEEKIREYFGGFGEVESIELPMDNKTNKRRGFCFITFKEEEPVKKIMEKKYHNVGLSKCEIKVAMSKEQYQQQQQWGSRGGFAGRARGRGGDQQSGYGKVSRRGGHQNSYKPY
23,23,23,Rbm3,19652,NP_058089,,MSSEEGKLFVGGLNFNTDEQALEDHFSSFGPISEVVVVKDRETQRSRGFGFITFTNPEHASDAMRAMNGESLDGRQIRVDHAGKSARGSRGGAFGGRGRSYSRGGGDQGYGSGRYDSRPGGYGYGYGRSRDYSGRSQGGYDRYSGGNYRDNYDN
24,24,24,Adarb1,110532,NP_570965,,MDIEDEENMSSSSTDIKENRNLDNMPPKDSSTPGPGEGIPLSNGGGGSTSRKRPLEEGSNGHSKYRLKKRRKTPGPVLPKNALMQLNEIKPGLQYMLLSQTGPVHAPLFVMSVEVNGQVFEGSGPTKKKAKLHAAEKALRSFVQFPNASEAHLAMGRTLSVNTDFTSDQADFPDTLFNGFETPDKSEPPFYVGSNGDDSFSSSGDVSLSASPVPASLTQPPLPIPPPFPPPSGKNPVMILNELRPGLKYDFLSESGESHAKSFVMSVVVDGQFFEGSGRNKKLAKARAAQSALATVFNLHLDQTPSRQPVLSEGLQLHLPQVLADAVSRLVLGKFSDLTDNFSSPHARRKVLSGVVMTTGTDVKDAKVISVSTGTKCINGEYMSDRGLALNDCHAEIISRRSLLRFLYAQLELYLNNKEDQKKSIFQKSERGGFRLKDTVQFHLYISTSPCGDARIFSPHEPVLEEPADRHPNRKARGQLRTKIESGEGTIPVRSNASIQTWDGVLQGERLLTMSCSDKIARWNVVGIQGSLLSIFVEPIYFSSIILGSLYHGDHLSRAMYQRISNIEDLPPLYTLNKPLLSGISNAEARQPGKAPNFSVNWTVGDATIEVINATTGKDELGRPSRLCKHALYCRWMRVHGKVPPHLLRTKITKPTTYHESKLAAREYQAAKARLFTAFIKAGLGAWVEKPTEQDQFSFTP
25,25,25,Mbnl2,105559,NP_001347306,,MALNVAPVRDTKWLTLEVCRQYQRGTCSRSDEECKFAHPPKSCQVENGRVIACFDSLKGRCSRENCKYLHPPTHLKTQLEINGRNNLIQQKTAAAMLAQQMQFMFPGTPLHPVPTFPVGPTIGTNAAISFAPYLAPVTPGVGLVPTEVLPTTPVIVPGSPPVTVPGSTATQKLLRTDKLEVCREFQRGNCARGETDCRFAHPADSTMIDTNDNTVTVCMDYIKGRCMREKCKYFHPPAHLQAKIKAAQHQANQAAVAAQAAAAAATVMTQSTAKALKRPLEATVDLAFPPGALHPLPKRQALEKSNGASTVFNPSVLHYQQALTSAQLQQHTAFIPTGSVLCMTPATSIVPMMHSATSATVSAATTPATSVPFAATATANQIILK
26,26,26,Stat5a,20850,NP_035618,,MAGWIQAQQLQGDALRQMQVLYGQHFPIEVRHYLAQWIESQPWDAIDLDNPQDRGQATQLLEGLVQELQKKAEHQVGEDGFLLKIKLGHYATQLQNTYDRCPMELVRCIRHILYNEQRLVREANNCSSPAGVLVDAMSQKHLQINQRFEELRLITQDTENELKKLQQTQEYFIIQYQESLRIQAQFAQLGQLNPQERMSRETALQQKQVSLETWLQREAQTLQQYRVELAEKHQKTLQLLRKQQTIILDDELIQWKRRQQLAGNGGPPEGSLDVLQSWCEKLAEIIWQNRQQIRRAEHLCQQLPIPGPVEEMLAEVNATITDIISALVTSTFIIEKQPPQVLKTQTKFAATVRLLVGGKLNVHMNPPQVKATIISEQQAKSLLKNENTRNECSGEILNNCCVMEYHQATGTLSAHFRNMSLKRIKRADRRGAESVTEEKFTVLFESQFSVGSNELVFQVKTLSLPVVVIVHGSQDHNATATVLWDNAFAEPGRVPFAVPDKVLWPQLCEALNMKFKAEVQSNRGLTKENLVFLAQKLFNISSNHLEDYNSMSVSWSQFNRENLPGWNYTFWQWFDGVMEVLKKHHKPHWNDGAILGFVNKQQAHDLLINKPDGTFLLRFSDSEIGGITIAWKFDSPDRNLWNLKPFTTRDFSIRSLADRLGDLNYLIYVFPDRPKDEVFAKYYTPVLAKAVDGYVKPQIKQVVPEFVNASTDAGASATYMDQAPSPVVCPQPHYNMYPPNPDPVLDQDGEFDLDESMDVARHVEELLRRPMDSLDARLSPPAGLFTSARSSLS
27,27,27,Srebf1,20787,NP_001345244,,MLQLINNQDSDFPGLFDAPYAGGETGDTGPSSPGANSPESFSSASLASSLEAFLGGPKVTPAPLSPPPSAPAALKMYPSVSPFSPGPGIKEEPVPLTILQPAAPQPSPGTLLPPSFPAPPVQLSPAPVLGYSSLPSGFSGTLPGNTQQPPSSLPLAPAPGVLPTPALHTQVQSLASQQPLPASAAPRTNTVTSQVQQVPVVLQPHFIKADSLLLTAVKTDAGATVKTAGISTLAPGTAVQAGPLQTLVSGGTILATVPLVVDTDKLPIHRLAAGSKALGSAQSRGEKRTAHNAIEKRYRSSINDKIVELKDLVVGTEAKLNKSAVLRKAIDYIRFLQHSNQKLKQENLTLRSAHKSKSLKDLVSACGSGGGTDVSMEGMKPEVVETLTPPPSDAGSPSQSSPLSFGSRASSSGGSDSEPDSPAFEDSQVKAQRLPSHSRGMLDRSRLALCVLAFLCLTCNPLASLFGWGILTPSDATGTHRSSGRSMLEAESRDGSNWTQWLLPPLVWLANGLLVLACLALLFVYGEPVTRPHSGPAVHFWRHRKQADLDLARGDFPQAAQQLWLALQALGRPLPTSNLDLACSLLWNLIRHLLQRLWVGRWLAGQAGGLLRDRGLRKDARASARDAAVVYHKLHQLHAMGKYTGGHLAASNLALSALNLAECAGDAISMATLAEIYVAAALRVKTSLPRALHFLTRFFLSSARQACLAQSGSVPLAMQWLCHPVGHRFFVDGDWAVHGAPPESLYSVAGNPVDPLAQVTRLFREHLLERALNCIAQPSPGAADGDREFSDALGYLQLLNSCSDAAGAPACSFSVSSSMAATTGPDPVAKWWASLTAVVIHWLRRDEEAAERLYPLVEHIPQVLQDTERPLPRAALYSFKAARALLDHRKVESSPASLAICEKASGYLRDSLASTPTGSSIDKAMQLLLCDLLLVARTSLWQRQQSPASVQVAHGTSNGPQASALELRGFQHDLSSLRRLAQSFRPAMRRVFLHEATARLMAGASPARTHQLLDRSLRRRAGSSGKGGTTAELEPRPTWREHTEALLLASCYLPPAFLSAPGQRMSMLAEAARTVEKLGDHRLLLDCQQMLLRLGGGTTVTSS
28,28,28,Zfp36,22695,NP_035886,,MDLSAIYESLQSMSHDLSSDHGGTESLGGLWNINSDSIPSGVTSRLTGRSTSLVEGRSCGWVPPPPGFAPLAPRPGPELSPSPTSPTATPTTSSRYKTELCRTYSESGRCRYGAKCQFAHGLGELRQANRHPKYKTELCHKFYLQGRCPYGSRCHFIHNPTEDLALPGQPHVLRQSISFSGLPSGRRSSPPPPGFSGPSLSSCSFSPSSSPPPPGDLPLSPSAFSAAPGTPVTRRDPNQACCPSCRRSTTPSTIWGPLGGLARSPSAHSLGSDPDDYASSGSSLGGSDSPVFEAGVFGPPQTPAPPRRLPIFNRISVSE
29,29,29,Ptbp2,56195,NP_001297640,,MDGIVTEVAVGVKRGSDELLSGSVLSSPNSNMSGMVVTANGNDSKKFKGEDKMDGAPSRVLHIRKLPGEVTETEVIALGLPFGKVTNILMLKGKNQAFLELATEEAAITMVNYYSAVTPHLRNQPIYIQYSNHKELKTDNTLNQRAQVVLQAVTAVQTANTPLSGTTVSESAVTPAQSPVLRIIIDNMYYPVTLDVLHQIFSKFGAVLKIITFTKNNQFQALLQYGDPVNAQQAKLALDGQNIYNACCTLRIDFSKLVNLNVKYNNDKSRDYTRPDLPSGDGQPALDPAIAAAFAKETSLLAVPGALSPLAIPNAAAAAAAAAAGRVGMPGVSAGGNTVLLVSNLNEEMVTPQSLFTLFGVYGDVQRVKILYNKKDSALIQMADGNQSQLAMNHLNGQKMYGKIIRVTLSKHQTVQLPREGLDDQGLTKDFGNSPLHRFKKPGSKNFQNIFPPSATLHLSNIPPSVAEEDLRTLFANTGGTVKAFKFFQDHKMALLQMATVEEAIQALIDLHNYNLGENHHLRVSFSKSTI
30,30,30,Adcy5,224129,NP_001403984,,MEMKADINAKQEDMMFHKIYIQKHDNVSILFADIEGFTSLASQCTAQELVMTLNELFARFDKLAAENHCLRIKILGDCYYCVSGLPEARADHAHCCVEMGMDMIEAISLVREVTGVNVNMRVGIHSGRVHCGVLGLRKWQFDVWSNDVTLANHMEAGGKAGRIHITKATLNYLNGDYEVEPGCGGDRNAYLKEHSIETFLILSCTQKRKEEKAMIAKMNRQRTNSIGHNPPHWGAERPFYNHLGGNQVSKEMKRMGFEDPKDKNAQESANPEDEVDEFLGRAIDARSIDRLRSEHVRKFLLTFREPDLEKKYSKQVDDRFGAYVACASLVFLFICFVQITIVPHSLFMLSFYLSCFLLLALVVFVSVIYACVKLFPTPLQTLSRKIVRSKKNSTLVGVFTITLVFLSAFVNMFMCNSKNLVGCLAEEHNITVNQVNACHVMESAFNYSLGDEQGFCGSPQPNCNFPEYFTYSVLLSLLACSVFLQISCIGKLVLMLAIEFIYVLIVEVPGVTLFDNADLLVTANAIDFSNNGTSQCPEHATKVALKVVTPIIISVFVLALYLHAQQVESTARLDFLWKLQATEEKEEMEELQAYNRRLLHNILPKDVAAHFLARERRNDELYYQSCECVAVMFASIANFSEFYVELEANNEGVECLRLLNEIIADFDEIISEDRFRQLEKIKTIGSTYMAASGLNDSTYDKAGKTHIKAIADFAMKLMDQMKYINEHSFNNFQMKIGLNIGPVVAGVIGARKPQYDIWGNTVNVASRMDSTGVPDRIQVTTDMYQVLAANTYQLECRGVVKVKGKGEMMTYFLNGGPPLS
